x, u, time
4.003202562049639444e-04,1.039155375460185382e-01,4.135253759498075943e-01
1.200960768614891833e-03,9.964887523856801044e-02,4.135253759498075943e-01
2.001601281024820156e-03,9.552065184500194150e-02,4.135253759498075943e-01
2.802241793434748045e-03,9.152824133974707399e-02,4.135253759498075943e-01
3.602882305844675934e-03,8.766897357167624527e-02,4.135253759498075943e-01
4.403522818254604690e-03,8.394014012847644812e-02,4.135253759498075943e-01
5.204163330664531711e-03,8.033900002686057695e-02,4.135253759498075943e-01
6.004803843074460468e-03,7.686278522312861572e-02,4.135253759498075943e-01
6.805444355484387489e-03,7.350870593925609708e-02,4.135253759498075943e-01
7.606084867894316245e-03,7.027395580043876988e-02,4.135253759498075943e-01
8.406725380304245002e-03,6.715571678060802685e-02,4.135253759498075943e-01
9.207365892714172023e-03,6.415116395318093412e-02,4.135253759498075943e-01
1.000800640512410078e-02,6.125747004488271003e-02,4.135253759498075943e-01
1.080864691753402780e-02,5.847180979109730531e-02,4.135253759498075943e-01
1.160928742994395656e-02,5.579136409181974926e-02,4.135253759498075943e-01
1.240992794235388358e-02,5.321332396782848390e-02,4.135253759498075943e-01
1.321056845476381233e-02,5.073489431723527537e-02,4.135253759498075943e-01
1.401120896717374109e-02,4.835329747311675752e-02,4.135253759498075943e-01
1.481184947958366811e-02,4.606577656338277371e-02,4.135253759498075943e-01
1.561248999199359687e-02,4.386959867453067013e-02,4.135253759498075943e-01
1.641313050440352389e-02,4.176205782137118461e-02,4.135253759498075943e-01
1.721377101681344918e-02,3.974047772520859084e-02,4.135253759498075943e-01
1.801441152922337793e-02,3.780221440335020111e-02,4.135253759498075943e-01
1.881505204163330669e-02,3.594465857319076307e-02,4.135253759498075943e-01
1.961569255404323545e-02,3.416523787443243726e-02,4.135253759498075943e-01
2.041633306645316420e-02,3.246141891330706075e-02,4.135253759498075943e-01
2.121697357886308949e-02,3.083070913295517593e-02,4.135253759498075943e-01
2.201761409127301825e-02,2.927065851435484145e-02,4.135253759498075943e-01
2.281825460368294700e-02,2.777886111243496603e-02,4.135253759498075943e-01
2.361889511609287576e-02,2.635295643219513761e-02,4.135253759498075943e-01
2.441953562850280104e-02,2.499063064982913127e-02,4.135253759498075943e-01
2.522017614091272980e-02,2.368961768401411580e-02,4.135253759498075943e-01
2.602081665332265856e-02,2.244770012264032596e-02,4.135253759498075943e-01
2.682145716573258731e-02,2.126271001037607911e-02,4.135253759498075943e-01
2.762209767814251607e-02,2.013252950252989934e-02,4.135253759498075943e-01
2.842273819055244136e-02,1.905509139075221500e-02,4.135253759498075943e-01
2.922337870296237011e-02,1.802837950615215901e-02,4.135253759498075943e-01
3.002401921537229887e-02,1.705042900543271567e-02,4.135253759498075943e-01
3.082465972778222763e-02,1.611932654565529158e-02,4.135253759498075943e-01
3.162530024019215291e-02,1.523321035323088254e-02,4.135253759498075943e-01
3.242594075260208514e-02,1.439027019271969278e-02,4.135253759498075943e-01
3.322658126501201042e-02,1.358874724097425615e-02,4.135253759498075943e-01
3.402722177742193571e-02,1.282693387210698255e-02,4.135253759498075943e-01
3.482786228983186794e-02,1.210317335870024144e-02,4.135253759498075943e-01
3.562850280224179322e-02,1.141585949459515865e-02,4.135253759498075943e-01
3.642914331465172545e-02,1.076343614450438191e-02,4.135253759498075943e-01
3.722978382706165074e-02,1.014439672559259119e-02,4.135253759498075943e-01
3.803042433947157602e-02,9.557283626056059175e-03,4.135253759498075943e-01
3.883106485188150825e-02,9.000687565609913343e-03,4.135253759498075943e-01
3.963170536429143354e-02,8.473246902662779842e-03,4.135253759498075943e-01
4.043234587670136576e-02,7.973646892821713295e-03,4.135253759498075943e-01
4.123298638911129105e-02,7.500618903224984951e-03,4.135253759498075943e-01
4.203362690152121633e-02,7.052939587053327214e-03,4.135253759498075943e-01
4.283426741393114856e-02,6.629430022414894985e-03,4.135253759498075943e-01
4.363490792634107385e-02,6.228954819644581462e-03,4.135253759498075943e-01
4.443554843875099913e-02,5.850421200900107928e-03,4.135253759498075943e-01
4.523618895116093136e-02,5.492778055772808490e-03,4.135253759498075943e-01
4.603682946357085665e-02,5.155014976472936661e-03,4.135253759498075943e-01
4.683746997598078887e-02,4.836161275984375389e-03,4.135253759498075943e-01
4.763811048839071416e-02,4.535284992422613376e-03,4.135253759498075943e-01
4.843875100080063945e-02,4.251491882665896574e-03,4.135253759498075943e-01
4.923939151321057167e-02,3.983924408170823328e-03,4.135253759498075943e-01
5.004003202562049696e-02,3.731760715722350075e-03,4.135253759498075943e-01
5.084067253803042918e-02,3.494213615709772583e-03,4.135253759498075943e-01
5.164131305044035447e-02,3.270529560366144430e-03,4.135253759498075943e-01
5.244195356285027976e-02,3.059987624253534839e-03,4.135253759498075943e-01
5.324259407526021198e-02,2.861898489127182206e-03,4.135253759498075943e-01
5.404323458767013727e-02,2.675603435163911338e-03,4.135253759498075943e-01
5.484387510008006950e-02,2.500473340396182180e-03,4.135253759498075943e-01
5.564451561248999478e-02,2.335907690053610521e-03,4.135253759498075943e-01
5.644515612489992007e-02,2.181333597377073299e-03,4.135253759498075943e-01
5.724579663730985229e-02,2.036204837338872510e-03,4.135253759498075943e-01
5.804643714971977758e-02,1.900000894575044246e-03,4.135253759498075943e-01
5.884707766212970981e-02,1.772226026712144008e-03,4.135253759498075943e-01
5.964771817453963509e-02,1.652408344152550166e-03,4.135253759498075943e-01
6.044835868694956038e-02,1.540098907269432270e-03,4.135253759498075943e-01
6.124899919935949261e-02,1.434870841852114260e-03,4.135253759498075943e-01
6.204963971176941789e-02,1.336318473539087250e-03,4.135253759498075943e-01
6.285028022417935012e-02,1.244056481876918254e-03,4.135253759498075943e-01
6.365092073658927541e-02,1.157719074547908624e-03,4.135253759498075943e-01
6.445156124899921457e-02,1.076959182220736059e-03,4.135253759498075943e-01
6.525220176140913986e-02,1.001447674392740364e-03,4.135253759498075943e-01
6.605284227381906514e-02,9.308725965127763631e-04,4.135253759498075943e-01
6.685348278622899043e-02,8.649384285981879649e-04,4.135253759498075943e-01
6.765412329863891572e-02,8.033653654885584755e-04,4.135253759498075943e-01
6.845476381104885488e-02,7.458886188129038031e-04,4.135253759498075943e-01
6.925540432345878017e-02,6.922577406851752446e-04,4.135253759498075943e-01
7.005604483586870546e-02,6.422359690852636480e-04,4.135253759498075943e-01
7.085668534827863074e-02,5.955995948297163403e-04,4.135253759498075943e-01
7.165732586068855603e-02,5.521373499872749089e-04,4.135253759498075943e-01
7.245796637309849519e-02,5.116498175491556322e-04,4.135253759498075943e-01
7.325860688550842048e-02,4.739488621224919630e-04,4.135253759498075943e-01
7.405924739791834577e-02,4.388570813779341388e-04,4.135253759498075943e-01
7.485988791032827105e-02,4.062072779481198785e-04,4.135253759498075943e-01
7.566052842273819634e-02,3.758419514431567588e-04,4.135253759498075943e-01
7.646116893514813551e-02,3.476128102217568381e-04,4.135253759498075943e-01
7.726180944755806079e-02,3.213803025323022861e-04,4.135253759498075943e-01
7.806244995996798608e-02,2.970131666166913611e-04,4.135253759498075943e-01
7.886309047237791137e-02,2.743879993513426326e-04,4.135253759498075943e-01
7.966373098478783665e-02,2.533888429836624284e-04,4.135253759498075943e-01
8.046437149719777582e-02,2.339067895088722392e-04,4.135253759498075943e-01
8.126501200960770110e-02,2.158396022211295500e-04,4.135253759498075943e-01
8.206565252201762639e-02,1.990913539638959628e-04,4.135253759498075943e-01
8.286629303442755168e-02,1.835720815978260541e-04,4.135253759498075943e-01
8.366693354683747696e-02,1.691974561996119678e-04,4.135253759498075943e-01
8.446757405924741613e-02,1.558884685021894858e-04,4.135253759498075943e-01
8.526821457165734142e-02,1.435711290854185405e-04,4.135253759498075943e-01
8.606885508406726670e-02,1.321761828265408155e-04,4.135253759498075943e-01
8.686949559647719199e-02,1.216388371213602713e-04,4.135253759498075943e-01
8.767013610888711728e-02,1.118985033901276013e-04,4.135253759498075943e-01
8.847077662129704256e-02,1.028985513861916859e-04,4.135253759498075943e-01
8.927141713370698173e-02,9.458607583082238044e-05,4.135253759498075943e-01
9.007205764611690701e-02,8.691167490379298984e-05,4.135253759498075943e-01
9.087269815852683230e-02,7.982924012647634479e-05,4.135253759498075943e-01
9.167333867093675759e-02,7.329575718214317945e-05,4.135253759498075943e-01
9.247397918334668288e-02,6.727111722676154190e-05,4.135253759498075943e-01
9.327461969575662204e-02,6.171793825286860623e-05,4.135253759498075943e-01
9.407526020816654733e-02,5.660139607884511213e-05,4.135253759498075943e-01
9.487590072057647261e-02,5.188906454617372819e-05,4.135253759498075943e-01
9.567654123298639790e-02,4.755076451790714900e-05,4.135253759498075943e-01
9.647718174539632319e-02,4.355842128252079598e-05,4.135253759498075943e-01
9.727782225780626235e-02,3.988592997852300441e-05,4.135253759498075943e-01
9.807846277021618764e-02,3.650902866662788116e-05,4.135253759498075943e-01
9.887910328262611293e-02,3.340517868782815451e-05,4.135253759498075943e-01
9.967974379503603821e-02,3.055345195738371937e-05,4.135253759498075943e-01
1.004803843074459635e-01,2.793442485642600432e-05,4.135253759498075943e-01
1.012810248198559027e-01,2.553007839457989477e-05,4.135253759498075943e-01
1.020816653322658280e-01,2.332370432868404985e-05,4.135253759498075943e-01
1.028823058446757532e-01,2.129981693428857522e-05,4.135253759498075943e-01
1.036829463570856785e-01,1.944407013811029787e-05,4.135253759498075943e-01
1.044835868694956038e-01,1.774317973099460616e-05,4.135253759498075943e-01
1.052842273819055430e-01,1.618485039213717728e-05,4.135253759498075943e-01
1.060848678943154683e-01,1.475770726635738613e-05,4.135253759498075943e-01
1.068855084067253935e-01,1.345123184703500625e-05,4.135253759498075943e-01
1.076861489191353188e-01,1.225570192793733951e-05,4.135253759498075943e-01
1.084867894315452441e-01,1.116213539752929798e-05,4.135253759498075943e-01
1.092874299439551833e-01,1.016223765948613106e-05,4.135253759498075943e-01
1.100880704563651086e-01,9.248352472987908721e-06,4.135253759498075943e-01
1.108887109687750339e-01,8.413416015969246207e-06,4.135253759498075943e-01
1.116893514811849591e-01,7.650913983809790067e-06,4.135253759498075943e-01
1.124899919935948844e-01,6.954841544982961223e-06,4.135253759498075943e-01
1.132906325060048236e-01,6.319665983921458962e-06,4.135253759498075943e-01
1.140912730184147489e-01,5.740291869810696884e-06,4.135253759498075943e-01
1.148919135308246742e-01,5.212028598179699742e-06,4.135253759498075943e-01
1.156925540432345995e-01,4.730560160024103567e-06,4.135253759498075943e-01
1.164931945556445247e-01,4.291917000770581643e-06,4.135253759498075943e-01
1.172938350680544639e-01,3.892449838674123816e-06,4.135253759498075943e-01
1.180944755804643892e-01,3.528805319236336081e-06,4.135253759498075943e-01
1.188951160928743145e-01,3.197903388942685754e-06,4.135253759498075943e-01
1.196957566052842398e-01,2.896916278047813025e-06,4.135253759498075943e-01
1.204963971176941651e-01,2.623248988294698402e-06,4.135253759498075943e-01
1.212970376301040903e-01,2.374521187337613543e-06,4.135253759498075943e-01
1.220976781425140295e-01,2.148550417261136111e-06,4.135253759498075943e-01
1.228983186549239548e-01,1.943336529950999404e-06,4.135253759498075943e-01
1.236989591673338801e-01,1.757047267185561532e-06,4.135253759498075943e-01
1.244995996797438054e-01,1.588004908183904930e-06,4.135253759498075943e-01
1.253002401921537168e-01,1.434673911979232894e-06,4.135253759498075943e-01
1.261008807045636559e-01,1.295649486386975340e-06,4.135253759498075943e-01
1.269015212169735674e-01,1.169647019516459686e-06,4.135253759498075943e-01
1.277021617293835065e-01,1.055492313739603609e-06,4.135253759498075943e-01
1.285028022417934457e-01,9.521125657879765470e-07,4.135253759498075943e-01
1.293034427542033571e-01,8.585280402078515979e-07,4.135253759498075943e-01
1.301040832666132963e-01,7.738443867693129906e-07,4.135253759498075943e-01
1.309047237790232077e-01,6.972455556080257093e-07,4.135253759498075943e-01
1.317053642914331468e-01,6.279872668843120675e-07,4.135253759498075943e-01
1.325060048038430860e-01,5.653909945810331176e-07,4.135253759498075943e-01
1.333066453162529974e-01,5.088384267364671461e-07,4.135253759498075943e-01
1.341072858286629366e-01,4.577663669291214002e-07,4.135253759498075943e-01
1.349079263410728480e-01,4.116620442041032011e-07,4.135253759498075943e-01
1.357085668534827871e-01,3.700588008628150845e-07,4.135253759498075943e-01
1.365092073658927263e-01,3.325321296357707748e-07,4.135253759498075943e-01
1.373098478783026377e-01,2.986960337294534490e-07,4.135253759498075943e-01
1.381104883907125769e-01,2.681996850874826232e-07,4.135253759498075943e-01
1.389111289031224883e-01,2.407243579412271702e-07,4.135253759498075943e-01
1.397117694155324275e-01,2.159806163506709422e-07,4.135253759498075943e-01
1.405124099279423666e-01,1.937057359587073782e-07,4.135253759498075943e-01
1.413130504403522780e-01,1.736613416068336488e-07,4.135253759498075943e-01
1.421136909527622172e-01,1.556312437923978999e-07,4.135253759498075943e-01
1.429143314651721286e-01,1.394194581926280304e-07,4.135253759498075943e-01
1.437149719775820678e-01,1.248483936431003984e-07,4.135253759498075943e-01
1.445156124899920069e-01,1.117571950432905358e-07,4.135253759498075943e-01
1.453162530024019183e-01,1.000002286733957743e-07,4.135253759498075943e-01
1.461168935148118575e-01,8.944569834947273985e-08,4.135253759498075943e-01
1.469175340272217689e-01,7.997438172176616220e-08,4.135253759498075943e-01
1.477181745396317081e-01,7.147847683822860166e-08,4.135253759498075943e-01
1.485188150520416472e-01,6.386054985505514044e-08,4.135253759498075943e-01
1.493194555644515586e-01,5.703257548222463698e-08,4.135253759498075943e-01
1.501200960768614978e-01,5.091506240803798170e-08,4.135253759498075943e-01
1.509207365892714092e-01,4.543625655541501437e-08,4.135253759498075943e-01
1.517213771016813484e-01,4.053141558743820450e-08,4.135253759498075943e-01
1.525220176140912876e-01,3.614214860317372462e-08,4.135253759498075943e-01
1.533226581265011990e-01,3.221581544976105431e-08,4.135253759498075943e-01
1.541232986389111381e-01,2.870498052578673689e-08,4.135253759498075943e-01
1.549239391513210495e-01,2.556691636638200652e-08,4.135253759498075943e-01
1.557245796637309887e-01,2.276315268466509462e-08,4.135253759498075943e-01
1.565252201761409279e-01,2.025906689911564080e-08,4.135253759498075943e-01
1.573258606885508393e-01,1.802351250433201922e-08,4.135253759498075943e-01
1.581265012009607784e-01,1.602848194520774593e-08,4.135253759498075943e-01
1.589271417133706898e-01,1.424880093368465583e-08,4.135253759498075943e-01
1.597277822257806290e-01,1.266185140454052352e-08,4.135253759498075943e-01
1.605284227381905682e-01,1.124732054372200207e-08,4.135253759498075943e-01
1.613290632506004796e-01,9.986973541005341614e-09,4.135253759498075943e-01
1.621297037630104187e-01,8.864447919616321546e-09,4.135253759498075943e-01
1.629303442754203302e-01,7.865067480154801844e-09,4.135253759498075943e-01
1.637309847878302693e-01,6.975674065952354522e-09,4.135253759498075943e-01
1.645316253002402085e-01,6.184475512940457697e-09,4.135253759498075943e-01
1.653322658126501199e-01,5.480908290288214004e-09,4.135253759498075943e-01
1.661329063250600591e-01,4.855513469432050209e-09,4.135253759498075943e-01
1.669335468374699705e-01,4.299824779586089926e-09,4.135253759498075943e-01
1.677341873498799096e-01,3.806267618223682652e-09,4.135253759498075943e-01
1.685348278622898488e-01,3.368067986143067190e-09,4.135253759498075943e-01
1.693354683746997602e-01,2.979170409303466080e-09,4.135253759498075943e-01
1.701361088871096994e-01,2.634163994312143116e-09,4.135253759498075943e-01
1.709367493995196108e-01,2.328215841889080060e-09,4.135253759498075943e-01
1.717373899119295499e-01,2.057011113414168018e-09,4.135253759498075943e-01
1.725380304243394614e-01,1.816699110308740106e-09,4.135253759498075943e-01
1.733386709367494005e-01,1.603844785017209524e-09,4.135253759498075943e-01
1.741393114491593397e-01,1.415385156199473964e-09,4.135253759498075943e-01
1.749399519615692511e-01,1.248590149842482657e-09,4.135253759498075943e-01
1.757405924739791903e-01,1.101027432747030004e-09,4.135253759498075943e-01
1.765412329863891017e-01,9.705308456048515226e-10,4.135253759498075943e-01
1.773418734987990408e-01,8.551720799873862362e-10,4.135253759498075943e-01
1.781425140112089800e-01,7.532352773302906422e-10,4.135253759498075943e-01
1.789431545236188914e-01,6.631942587014815506e-10,4.135253759498075943e-01
1.797437950360288306e-01,5.836921220473488521e-10,4.135253759498075943e-01
1.805444355484387420e-01,5.135229689627533519e-10,4.135253759498075943e-01
1.813450760608486811e-01,4.516155460479385168e-10,4.135253759498075943e-01
1.821457165732586203e-01,3.970186068024607069e-10,4.135253759498075943e-01
1.829463570856685317e-01,3.488878189502753665e-10,4.135253759498075943e-01
1.837469975980784709e-01,3.064740592627850182e-10,4.135253759498075943e-01
1.845476381104883823e-01,2.691129535053375161e-10,4.135253759498075943e-01
1.853482786228983215e-01,2.362155332216280131e-10,4.135253759498075943e-01
1.861489191353082606e-01,2.072598938219806965e-10,4.135253759498075943e-01
1.869495596477181720e-01,1.817837499763827507e-10,4.135253759498075943e-01
1.877502001601281112e-01,1.593777947420910272e-10,4.135253759498075943e-01
1.885508406725380226e-01,1.396797782798282902e-10,4.135253759498075943e-01
1.893514811849479618e-01,1.223692305243904720e-10,4.135253759498075943e-01
1.901521216973579009e-01,1.071627598592619898e-10,4.135253759498075943e-01
1.909527622097678123e-01,9.380986677750997795e-11,4.135253759498075943e-01
1.917534027221777515e-01,8.208921776319579277e-11,4.135253759498075943e-01
1.925540432345876629e-01,7.180533026249683739e-11,4.135253759498075943e-01
1.933546837469976021e-01,6.278562469023419733e-11,4.135253759498075943e-01
1.941553242594075412e-01,5.487780398835088750e-11,4.135253759498075943e-01
1.949559647718174527e-01,4.794752536653405556e-11,4.135253759498075943e-01
1.957566052842273918e-01,4.187633255535841078e-11,4.135253759498075943e-01
1.965572457966373032e-01,3.655982022898357555e-11,4.135253759498075943e-01
1.973578863090472424e-01,3.190600524374955405e-11,4.135253759498075943e-01
1.981585268214571816e-01,2.783388202384996378e-11,4.135253759498075943e-01
1.989591673338670930e-01,2.427214183542271670e-11,4.135253759498075943e-01
1.997598078462770321e-01,2.115803785288005968e-11,4.135253759498075943e-01
2.005604483586869435e-01,1.843637986063017455e-11,4.135253759498075943e-01
2.013610888710968827e-01,1.605864417164058114e-11,4.135253759498075943e-01
2.021617293835068219e-01,1.398218590165826920e-11,4.135253759498075943e-01
2.029623698959167333e-01,1.216954213245934500e-11,4.135253759498075943e-01
2.037630104083266724e-01,1.058781574564121052e-11,4.135253759498075943e-01
2.045636509207365838e-01,9.208130825046959398e-12,4.135253759498075943e-01
2.053642914331465230e-01,8.005151524271068235e-12,4.135253759498075943e-01
2.061649319455564622e-01,6.956657187930186382e-12,4.135253759498075943e-01
2.069655724579663736e-01,6.043167312379072547e-12,4.135253759498075943e-01
2.077662129703763128e-01,5.247610643128651106e-12,4.135253759498075943e-01
2.085668534827862242e-01,4.555033341221848414e-12,4.135253759498075943e-01
2.093674939951961633e-01,3.952341717215989194e-12,4.135253759498075943e-01
2.101681345076061025e-01,3.428075536362688372e-12,4.135253759498075943e-01
2.109687750200160139e-01,2.972208348528991528e-12,4.135253759498075943e-01
2.117694155324259531e-01,2.575971697152333150e-12,4.135253759498075943e-01
2.125700560448358645e-01,2.231700418277965740e-12,4.135253759498075943e-01
2.133706965572458036e-01,1.932696558166092667e-12,4.135253759498075943e-01
2.141713370696557428e-01,1.673109720276485248e-12,4.135253759498075943e-01
2.149719775820656542e-01,1.447831903400975290e-12,4.135253759498075943e-01
2.157726180944755934e-01,1.252405115698285072e-12,4.135253759498075943e-01
2.165732586068855048e-01,1.082940247414383020e-12,4.135253759498075943e-01
2.173738991192954439e-01,9.360458608531640480e-13,4.135253759498075943e-01
2.181745396317053831e-01,8.087657121222126646e-13,4.135253759498075943e-01
2.189751801441152945e-01,6.985239574856071975e-13,4.135253759498075943e-01
2.197758206565252337e-01,6.030771197498280535e-13,4.135253759498075943e-01
2.205764611689351451e-01,5.204719987236370363e-13,4.135253759498075943e-01
2.213771016813450843e-01,4.490088059765662596e-13,4.135253759498075943e-01
2.221777421937550234e-01,3.872088892556074323e-13,4.135253759498075943e-01
2.229783827061649348e-01,3.337864872395764683e-13,4.135253759498075943e-01
2.237790232185748740e-01,2.876240219158713652e-13,4.135253759498075943e-01
2.245796637309847854e-01,2.477504947345437085e-13,4.135253759498075943e-01
2.253803042433947246e-01,2.133226047047928992e-13,4.135253759498075943e-01
2.261809447558046637e-01,1.836082525259266729e-13,4.135253759498075943e-01
2.269815852682145751e-01,1.579721353814813783e-13,4.135253759498075943e-01
2.277822257806245143e-01,1.358631727875226418e-13,4.135253759498075943e-01
2.285828662930344257e-01,1.168035354213391348e-13,4.135253759498075943e-01
2.293835068054443649e-01,1.003790766517294651e-13,4.135253759498075943e-01
2.301841473178543040e-01,8.623099097896884878e-14,4.135253759498075943e-01
2.309847878302642155e-01,7.404854515503828015e-14,4.135253759498075943e-01
2.317854283426741546e-01,6.356274673307138131e-14,4.135253759498075943e-01
2.325860688550840660e-01,5.454083149138096781e-14,4.135253759498075943e-01
2.333867093674940052e-01,4.678146585924207668e-14,4.135253759498075943e-01
2.341873498799039444e-01,4.011057337604167256e-14,4.135253759498075943e-01
2.349879903923138558e-01,3.437770555234871568e-14,4.135253759498075943e-01
2.357886309047237949e-01,2.945288745667763745e-14,4.135253759498075943e-01
2.365892714171337063e-01,2.522387708965648865e-14,4.135253759498075943e-01
2.373899119295436455e-01,2.159378527318321887e-14,4.135253759498075943e-01
2.381905524419535847e-01,1.847900950448685680e-14,4.135253759498075943e-01
2.389911929543634961e-01,1.580744111715643504e-14,4.135253759498075943e-01
2.397918334667734352e-01,1.351691025335838413e-14,4.135253759498075943e-01
2.405924739791833467e-01,1.155383767198005234e-14,4.135253759498075943e-01
2.413931144915932858e-01,9.872066374252892871e-15,4.135253759498075943e-01
2.421937550040031972e-01,8.431849490239406692e-15,4.135253759498075943e-01
2.429943955164131364e-01,7.198973896942615336e-15,4.135253759498075943e-01
2.437950360288230756e-01,6.144001685034602731e-15,4.135253759498075943e-01
2.445956765412329870e-01,5.241613903234985726e-15,4.135253759498075943e-01
2.453963170536429261e-01,4.470043028475733577e-15,4.135253759498075943e-01
2.461969575660528375e-01,3.810582372494252017e-15,4.135253759498075943e-01
2.469975980784627767e-01,3.247162173298118283e-15,4.135253759498075943e-01
2.477982385908727159e-01,2.765983461090034786e-15,4.135253759498075943e-01
2.485988791032826273e-01,2.355201957346339888e-15,4.135253759498075943e-01
2.493995196156925664e-01,2.004655284411768293e-15,4.135253759498075943e-01
2.502001601281024779e-01,1.705627650168455624e-15,4.135253759498075943e-01
2.510008006405124448e-01,1.450646944671379847e-15,4.135253759498075943e-01
2.518014411529223562e-01,1.233309857688699417e-15,4.135253759498075943e-01
2.526020816653322676e-01,1.048131210597229939e-15,4.135253759498075943e-01
2.534027221777421790e-01,8.904142042370906850e-16,4.135253759498075943e-01
2.542033626901521459e-01,7.561387258979747938e-16,4.135253759498075943e-01
2.550040032025620573e-01,6.418652421486906407e-16,4.135253759498075943e-01
2.558046437149719687e-01,5.446521372043747652e-16,4.135253759498075943e-01
2.566052842273819357e-01,4.619846454892019503e-16,4.135253759498075943e-01
2.574059247397918471e-01,3.917137777015259757e-16,4.135253759498075943e-01
2.582065652522017585e-01,3.320038570073726021e-16,4.135253759498075943e-01
2.590072057646117254e-01,2.812874703232605984e-16,4.135253759498075943e-01
2.598078462770216368e-01,2.382268027950084013e-16,4.135253759498075943e-01
2.606084867894315482e-01,2.016804648395437893e-16,4.135253759498075943e-01
2.614091273018414596e-01,1.706750433742935796e-16,4.135253759498075943e-01
2.622097678142514265e-01,1.443807146221059314e-16,4.135253759498075943e-01
2.630104083266613380e-01,1.220903473333626883e-16,4.135253759498075943e-01
2.638110488390712494e-01,1.032016043121331971e-16,4.135253759498075943e-01
2.646116893514812163e-01,8.720161842287396065e-17,4.135253759498075943e-01
2.654123298638911277e-01,7.365387822572374790e-17,4.135253759498075943e-01
2.662129703763010391e-01,6.218700929063142662e-17,4.135253759498075943e-01
2.670136108887110060e-01,5.248518115817486702e-17,4.135253759498075943e-01
2.678142514011209174e-01,4.427990778947361217e-17,4.135253759498075943e-01
2.686148919135308288e-01,3.734304199624670794e-17,4.135253759498075943e-01
2.694155324259407402e-01,3.148079247332548921e-17,4.135253759498075943e-01
2.702161729383507072e-01,2.652861628423549335e-17,4.135253759498075943e-01
2.710168134507606186e-01,2.234686050800914234e-17,4.135253759498075943e-01
2.718174539631705300e-01,1.881704470329239650e-17,4.135253759498075943e-01
2.726180944755804969e-01,1.583869128307019889e-17,4.135253759498075943e-01
2.734187349879904083e-01,1.332662416539031428e-17,4.135253759498075943e-01
2.742193755004003197e-01,1.120866747091953096e-17,4.135253759498075943e-01
2.750200160128102311e-01,9.423685835265267195e-18,4.135253759498075943e-01
2.758206565252201981e-01,7.919916315826090608e-18,4.135253759498075943e-01
2.766212970376301095e-01,6.653549092208836515e-18,4.135253759498075943e-01
2.774219375500400209e-01,5.587520352309147525e-18,4.135253759498075943e-01
2.782225780624499878e-01,4.690486066550062123e-18,4.135253759498075943e-01
2.790232185748598992e-01,3.935949904313102979e-18,4.135253759498075943e-01
2.798238590872698106e-01,3.301522446008004148e-18,4.135253759498075943e-01
2.806244995996797775e-01,2.768292183490633705e-18,4.135253759498075943e-01
2.814251401120896889e-01,2.320291659862433065e-18,4.135253759498075943e-01
2.822257806244996003e-01,1.944044545269711015e-18,4.135253759498075943e-01
2.830264211369095118e-01,1.628181536853963624e-18,4.135253759498075943e-01
2.838270616493194787e-01,1.363114758961546179e-18,4.135253759498075943e-01
2.846277021617293901e-01,1.140761867495984767e-18,4.135253759498075943e-01
2.854283426741393015e-01,9.543123671861814762e-19,4.135253759498075943e-01
2.862289831865492684e-01,7.980297645749243934e-19,4.135253759498075943e-01
2.870296236989591798e-01,6.670841302115959404e-19,4.135253759498075943e-01
2.878302642113690912e-01,5.574104544567136705e-19,4.135253759498075943e-01
2.886309047237790582e-01,4.655888727201570198e-19,4.135253759498075943e-01
2.894315452361889696e-01,3.887434252161592271e-19,4.135253759498075943e-01
2.902321857485988810e-01,3.244565183006042968e-19,4.135253759498075943e-01
2.910328262610087924e-01,2.706966819023301760e-19,4.135253759498075943e-01
2.918334667734187593e-01,2.257575813795321539e-19,4.135253759498075943e-01
2.926341072858286707e-01,1.882065516616856706e-19,4.135253759498075943e-01
2.934347477982385821e-01,1.568411847644293773e-19,4.135253759498075943e-01
2.942353883106485490e-01,1.306527255189401167e-19,4.135253759498075943e-01
2.950360288230584604e-01,1.087952204753239978e-19,4.135253759498075943e-01
2.958366693354683719e-01,9.055952640853358365e-20,4.135253759498075943e-01
2.966373098478783388e-01,7.535142193269442304e-20,4.135253759498075943e-01
2.974379503602882502e-01,6.267318205037050593e-20,4.135253759498075943e-01
2.982385908726981616e-01,5.210807412739786714e-20,4.135253759498075943e-01
2.990392313851080730e-01,4.330731743569520527e-20,4.135253759498075943e-01
2.998398718975180399e-01,3.597911929953663229e-20,4.135253759498075943e-01
3.006405124099279513e-01,2.987946093526351951e-20,4.135253759498075943e-01
3.014411529223378627e-01,2.480435692551996434e-20,4.135253759498075943e-01
3.022417934347478297e-01,2.058335530874458727e-20,4.135253759498075943e-01
3.030424339471577411e-01,1.707408167711312631e-20,4.135253759498075943e-01
3.038430744595676525e-01,1.415766146865595830e-20,4.135253759498075943e-01
3.046437149719776194e-01,1.173488066805808577e-20,4.135253759498075943e-01
3.054443554843875308e-01,9.722967123221428069e-21,4.135253759498075943e-01
3.062449959967974422e-01,8.052893258972564942e-21,4.135253759498075943e-01
3.070456365092073536e-01,6.667116649881819044e-21,4.135253759498075943e-01
3.078462770216173205e-01,5.517688146189633173e-21,4.135253759498075943e-01
3.086469175340272320e-01,4.564668407877274893e-21,4.135253759498075943e-01
3.094475580464371434e-01,3.774803112070895799e-21,4.135253759498075943e-01
3.102481985588471103e-01,3.120415029528500649e-21,4.135253759498075943e-01
3.110488390712570217e-01,2.578477846698653687e-21,4.135253759498075943e-01
3.118494795836669331e-01,2.129842235328563797e-21,4.135253759498075943e-01
3.126501200960769000e-01,1.758589406495607822e-21,4.135253759498075943e-01
3.134507606084868114e-01,1.451491369532072739e-21,4.135253759498075943e-01
3.142514011208967228e-01,1.197560466392414705e-21,4.135253759498075943e-01
3.150520416333066342e-01,9.876735681205308117e-22,4.135253759498075943e-01
3.158526821457166012e-01,8.142586863175192586e-22,4.135253759498075943e-01
3.166533226581265126e-01,6.710337399023716517e-22,4.135253759498075943e-01
3.174539631705364240e-01,5.527888859480511686e-22,4.135253759498075943e-01
3.182546036829463909e-01,4.552052235380232453e-22,4.135253759498075943e-01
3.190552441953563023e-01,3.747038540772615892e-22,4.135253759498075943e-01
3.198558847077662137e-01,3.083202662618640654e-22,4.135253759498075943e-01
3.206565252201761806e-01,2.535998392574921549e-22,4.135253759498075943e-01
3.214571657325860921e-01,2.085109490745479739e-22,4.135253759498075943e-01
3.222578062449960035e-01,1.713727421378213004e-22,4.135253759498075943e-01
3.230584467574059149e-01,1.407951247049823857e-22,4.135253759498075943e-01
3.238590872698158818e-01,1.156289222957413843e-22,4.135253759498075943e-01
3.246597277822257932e-01,9.492450243328420546e-23,4.135253759498075943e-01
3.254603682946357046e-01,7.789743751429503575e-23,4.135253759498075943e-01
3.262610088070456715e-01,6.390002153621413444e-23,4.135253759498075943e-01
3.270616493194555829e-01,5.239765229717198041e-23,4.135253759498075943e-01
3.278622898318654943e-01,4.294925590359050302e-23,4.135253759498075943e-01
3.286629303442754613e-01,3.519106830740370962e-23,4.135253759498075943e-01
3.294635708566853727e-01,2.882320362213347589e-23,4.135253759498075943e-01
3.302642113690952841e-01,2.359853488402566104e-23,4.135253759498075943e-01
3.310648518815051955e-01,1.931349287221671237e-23,4.135253759498075943e-01
3.318654923939151624e-01,1.580045521111291455e-23,4.135253759498075943e-01
3.326661329063250738e-01,1.292145345079103809e-23,4.135253759498075943e-01
3.334667734187349852e-01,1.056297199977019760e-23,4.135253759498075943e-01
3.342674139311449522e-01,8.631651209912209784e-24,4.135253759498075943e-01
3.350680544435548636e-01,7.050738873742804749e-24,4.135253759498075943e-01
3.358686949559647750e-01,5.757160966612843892e-24,4.135253759498075943e-01
3.366693354683747419e-01,4.699104549022379776e-24,4.135253759498075943e-01
3.374699759807846533e-01,3.834024088808271501e-24,4.135253759498075943e-01
3.382706164931945647e-01,3.126997695255202549e-24,4.135253759498075943e-01
3.390712570056044761e-01,2.549372400155952466e-24,4.135253759498075943e-01
3.398718975180144430e-01,2.077648110182298035e-24,4.135253759498075943e-01
3.406725380304243544e-01,1.692558553833077486e-24,4.135253759498075943e-01
3.414731785428342659e-01,1.378314757284639678e-24,4.135253759498075943e-01
3.422738190552442328e-01,1.121982558647243181e-24,4.135253759498075943e-01
3.430744595676541442e-01,9.129706191672252737e-25,4.135253759498075943e-01
3.438751000800640556e-01,7.426094873143598625e-25,4.135253759498075943e-01
3.446757405924739670e-01,6.038056625834013527e-25,4.135253759498075943e-01
3.454763811048839339e-01,4.907574108671352819e-25,4.135253759498075943e-01
3.462770216172938453e-01,3.987214026741949370e-25,4.135253759498075943e-01
3.470776621297037567e-01,3.238211625369043841e-25,4.135253759498075943e-01
3.478783026421137237e-01,2.628899018116946450e-25,4.135253759498075943e-01
3.486789431545236351e-01,2.133416150882727058e-25,4.135253759498075943e-01
3.494795836669335465e-01,1.730654001821733644e-25,4.135253759498075943e-01
3.502802241793435134e-01,1.403388526476391940e-25,4.135253759498075943e-01
3.510808646917534248e-01,1.137571206179694774e-25,4.135253759498075943e-01
3.518815052041633362e-01,9.217481165181545589e-26,4.135253759498075943e-01
3.526821457165732476e-01,7.465844257204059261e-26,4.135253759498075943e-01
3.534827862289832145e-01,6.044753459992276924e-26,4.135253759498075943e-01
3.542834267413931260e-01,4.892279477669711766e-26,4.135253759498075943e-01
3.550840672538030374e-01,3.958010343437185193e-26,4.135253759498075943e-01
3.558847077662130043e-01,3.200925683331226426e-26,4.135253759498075943e-01
3.566853482786229157e-01,2.587660270572705423e-26,4.135253759498075943e-01
3.574859887910328271e-01,2.091086150168009345e-26,4.135253759498075943e-01
3.582866293034427940e-01,1.689155354702274944e-26,4.135253759498075943e-01
3.590872698158527054e-01,1.363955697581851432e-26,4.135253759498075943e-01
3.598879103282626168e-01,1.100940722310920337e-26,4.135253759498075943e-01
3.606885508406725283e-01,8.883019380036609320e-27,4.135253759498075943e-01
3.614891913530824952e-01,7.164572560960474501e-27,4.135253759498075943e-01
3.622898318654924066e-01,5.776342867566769945e-27,4.135253759498075943e-01
3.630904723779023180e-01,4.655310415979809921e-27,4.135253759498075943e-01
3.638911128903122849e-01,3.750397749027810410e-27,4.135253759498075943e-01
3.646917534027221963e-01,3.020223045428965748e-27,4.135253759498075943e-01
3.654923939151321077e-01,2.431272895738813972e-27,4.135253759498075943e-01
3.662930344275420746e-01,1.956416892269132679e-27,4.135253759498075943e-01
3.670936749399519861e-01,1.573700576029801336e-27,4.135253759498075943e-01
3.678943154523618975e-01,1.265364972362095864e-27,4.135253759498075943e-01
3.686949559647718089e-01,1.017050499857270172e-27,4.135253759498075943e-01
3.694955964771817758e-01,8.171508413738880141e-28,4.135253759498075943e-01
3.702962369895916872e-01,6.562887389461647894e-28,4.135253759498075943e-01
3.710968775020015986e-01,5.268908764368878248e-28,4.135253759498075943e-01
3.718975180144115655e-01,4.228432583080993230e-28,4.135253759498075943e-01
3.726981585268214769e-01,3.392119546806258383e-28,4.135253759498075943e-01
3.734987990392313884e-01,2.720169051008877204e-28,4.135253759498075943e-01
3.742994395516413553e-01,2.180487733311254469e-28,4.135253759498075943e-01
3.751000800640512667e-01,1.747207189288057774e-28,4.135253759498075943e-01
3.759007205764611781e-01,1.399484768234624309e-28,4.135253759498075943e-01
3.767013610888710895e-01,1.120533776668383100e-28,4.135253759498075943e-01
3.775020016012810564e-01,8.968395183618764334e-29,4.135253759498075943e-01
3.783026421136909678e-01,7.175258142263794542e-29,4.135253759498075943e-01
3.791032826261008792e-01,5.738433229254625805e-29,4.135253759498075943e-01
3.799039231385108462e-01,4.587564089895342848e-29,4.135253759498075943e-01
3.807045636509207576e-01,3.666097122183613320e-29,4.135253759498075943e-01
3.815052041633306690e-01,2.928591501793699794e-29,4.135253759498075943e-01
3.823058446757406359e-01,2.338549894385325231e-29,4.135253759498075943e-01
3.831064851881505473e-01,1.866669768874988821e-29,4.135253759498075943e-01
3.839071257005604587e-01,1.489434327651153013e-29,4.135253759498075943e-01
3.847077662129703701e-01,1.187977552065025241e-29,4.135253759498075943e-01
3.855084067253803370e-01,9.471704039753726883e-30,4.135253759498075943e-01
3.863090472377902485e-01,7.548853814676519413e-30,4.135253759498075943e-01
3.871096877502001599e-01,6.014048513907447977e-30,4.135253759498075943e-01
3.879103282626101268e-01,4.789452399534190842e-30,4.135253759498075943e-01
3.887109687750200382e-01,3.812745506692112861e-30,4.135253759498075943e-01
3.895116092874299496e-01,3.034050335655766950e-30,4.135253759498075943e-01
3.903122497998399165e-01,2.413463433872374860e-30,4.135253759498075943e-01
3.911128903122498279e-01,1.919073579189961685e-30,4.135253759498075943e-01
3.919135308246597393e-01,1.525371162718028172e-30,4.135253759498075943e-01
3.927141713370696507e-01,1.211971932087644559e-30,4.135253759498075943e-01
3.935148118494796177e-01,9.625933526186299212e-31,4.135253759498075943e-01
3.943154523618895291e-01,7.642340689070518971e-31,4.135253759498075943e-01
3.951160928742994405e-01,6.065167058459147002e-31,4.135253759498075943e-01
3.959167333867094074e-01,4.811618925446548437e-31,4.135253759498075943e-01
3.967173738991193188e-01,3.815673652782019603e-31,4.135253759498075943e-01
3.975180144115292302e-01,3.024708442888809511e-31,4.135253759498075943e-01
3.983186549239391971e-01,2.396795793146574818e-31,4.135253759498075943e-01
3.991192954363491086e-01,1.898532633633959926e-31,4.135253759498075943e-01
3.999199359487590200e-01,1.503303041732903702e-31,4.135253759498075943e-01
4.007205764611689314e-01,1.189898581807043413e-31,4.135253759498075943e-01
4.015212169735788983e-01,9.414330333215922782e-32,4.135253759498075943e-01
4.023218574859888097e-01,7.444911374083952190e-32,4.135253759498075943e-01
4.031224979983987211e-01,5.884507165317760781e-32,4.135253759498075943e-01
4.039231385108086880e-01,4.649229388675831109e-32,4.135253759498075943e-01
4.047237790232185994e-01,3.672721059156731060e-32,4.135253759498075943e-01
4.055244195356285108e-01,2.902018420510392925e-32,4.135253759498075943e-01
4.063250600480384778e-01,2.294188508693804445e-32,4.135253759498075943e-01
4.071257005604483892e-01,1.813958637570771461e-32,4.135253759498075943e-01
4.079263410728583006e-01,1.432448596545529411e-32,4.135253759498075943e-01
4.087269815852682120e-01,1.126840070329995349e-32,4.135253759498075943e-01
4.095276220976781789e-01,8.805151808312236308e-33,4.135253759498075943e-01
4.103282626100880903e-01,6.830448580752989353e-33,4.135253759498075943e-01
4.111289031224980017e-01,5.295193497499616567e-33,4.135253759498075943e-01
4.119295436349079687e-01,4.190638412501555426e-33,4.135253759498075943e-01
4.127301841473178801e-01,3.528178865542665360e-33,4.135253759498075943e-01
4.135308246597277915e-01,3.319722353716427747e-33,4.135253759498075943e-01
4.143314651721377029e-01,3.565011420682738734e-33,4.135253759498075943e-01
4.151321056845476698e-01,4.249865936315209177e-33,4.135253759498075943e-01
4.159327461969575812e-01,5.355257078623709954e-33,4.135253759498075943e-01
4.167333867093674926e-01,6.873371503648565062e-33,4.135253759498075943e-01
4.175340272217774595e-01,8.825013705623932333e-33,4.135253759498075943e-01
4.183346677341873709e-01,1.127342083648204915e-32,4.135253759498075943e-01
4.191353082465972824e-01,1.433220631246094944e-32,4.135253759498075943e-01
4.199359487590072493e-01,1.816832554777855241e-32,4.135253759498075943e-01
4.207365892714171607e-01,2.300328653458976958e-32,4.135253759498075943e-01
4.215372297838270721e-01,2.911656223095451558e-32,4.135253759498075943e-01
4.223378702962369835e-01,3.685440898195560798e-32,4.135253759498075943e-01
4.231385108086469504e-01,4.664579267007326868e-32,4.135253759498075943e-01
4.239391513210568618e-01,5.902576556166193738e-32,4.135253759498075943e-01
4.247397918334667732e-01,7.466603650476915520e-32,4.135253759498075943e-01
4.255404323458767402e-01,9.441277450358801986e-32,4.135253759498075943e-01
4.263410728582866516e-01,1.193326223688656129e-31,4.135253759498075943e-01
4.271417133706965630e-01,1.507690593426429493e-31,4.135253759498075943e-01
4.279423538831065299e-01,1.904123151393116430e-31,4.135253759498075943e-01
4.287429943955164413e-01,2.403868980541208726e-31,4.135253759498075943e-01
4.295436349079263527e-01,3.033615598720116703e-31,4.135253759498075943e-01
4.303442754203362641e-01,3.826873899255512814e-31,4.135253759498075943e-01
4.311449159327462310e-01,4.825709145523354923e-31,4.135253759498075943e-01
4.319455564451561425e-01,6.082907135910471209e-31,4.135253759498075943e-01
4.327461969575660539e-01,7.664682228270725833e-31,4.135253759498075943e-01
4.335468374699760208e-01,9.654061163352278961e-31,4.135253759498075943e-01
4.343474779823859322e-01,1.215511026367914757e-30,4.135253759498075943e-01
4.351481184947958436e-01,1.529821488869382704e-30,4.135253759498075943e-01
4.359487590072058105e-01,1.924667094203851932e-30,4.135253759498075943e-01
4.367493995196157219e-01,2.420491131115624091e-30,4.135253759498075943e-01
4.375500400320256333e-01,3.042876849685314132e-30,4.135253759498075943e-01
4.383506805444355447e-01,3.823827209379430826e-30,4.135253759498075943e-01
4.391513210568455117e-01,4.803360071266759138e-30,4.135253759498075943e-01
4.399519615692554231e-01,6.031495790661896512e-30,4.135253759498075943e-01
4.407526020816653345e-01,7.570732750619897592e-30,4.135253759498075943e-01
4.415532425940753014e-01,9.499129394789612834e-30,4.135253759498075943e-01
4.423538831064852128e-01,1.191413981847766847e-29,4.135253759498075943e-01
4.431545236188951242e-01,1.493738525355315361e-29,4.135253759498075943e-01
4.439551641313050911e-01,1.872058743103973597e-29,4.135253759498075943e-01
4.447558046437150026e-01,2.345294378944876415e-29,4.135253759498075943e-01
4.455564451561249140e-01,2.937029123650394993e-29,4.135253759498075943e-01
4.463570856685348254e-01,3.676648764598121260e-29,4.135253759498075943e-01
4.471577261809447923e-01,4.600754214712422672e-29,4.135253759498075943e-01
4.479583666933547037e-01,5.754915105383984616e-29,4.135253759498075943e-01
4.487590072057646151e-01,7.195845153430478563e-29,4.135253759498075943e-01
4.495596477181745820e-01,8.994099666121019217e-29,4.135253759498075943e-01
4.503602882305844934e-01,1.123741916921535670e-28,4.135253759498075943e-01
4.511609287429944048e-01,1.403487226060348945e-28,4.135253759498075943e-01
4.519615692554043718e-01,1.752198667076071080e-28,4.135253759498075943e-01
4.527622097678142832e-01,2.186710170249615754e-28,4.135253759498075943e-01
4.535628502802241946e-01,2.727922962982366028e-28,4.135253759498075943e-01
4.543634907926341060e-01,3.401778059329649843e-28,4.135253759498075943e-01
4.551641313050440729e-01,4.240458789777277578e-28,4.135253759498075943e-01
4.559647718174539843e-01,5.283877190343854826e-28,4.135253759498075943e-01
4.567654123298638957e-01,6.581510519481445815e-28,4.135253759498075943e-01
4.575660528422738627e-01,8.194669467029048773e-28,4.135253759498075943e-01
4.583666933546837741e-01,1.019929840467219602e-27,4.135253759498075943e-01
4.591673338670936855e-01,1.268943108847977674e-27,4.135253759498075943e-01
4.599679743795036524e-01,1.578145352267950143e-27,4.135253759498075943e-01
4.607686148919135638e-01,1.961936040505034936e-27,4.135253759498075943e-01
4.615692554043234752e-01,2.438123413363717824e-27,4.135253759498075943e-01
4.623698959167333866e-01,3.028722751476290896e-27,4.135253759498075943e-01
4.631705364291433535e-01,3.760939521291847660e-27,4.135253759498075943e-01
4.639711769415532649e-01,4.668379723411950966e-27,4.135253759498075943e-01
4.647718174539631764e-01,5.792539351879793473e-27,4.135253759498075943e-01
4.655724579663731433e-01,7.184636591819530531e-27,4.135253759498075943e-01
4.663730984787830547e-01,8.907864716726408330e-27,4.135253759498075943e-01
4.671737389911929661e-01,1.104016117054008031e-26,4.135253759498075943e-01
4.679743795036029330e-01,1.367760973438067008e-26,4.135253759498075943e-01
4.687750200160128444e-01,1.693861883656810386e-26,4.135253759498075943e-01
4.695756605284227558e-01,2.096905100492427806e-26,4.135253759498075943e-01
4.703763010408326672e-01,2.594851744404220927e-26,4.135253759498075943e-01
4.711769415532426342e-01,3.209809928057604157e-26,4.135253759498075943e-01
4.719775820656525456e-01,3.968981501944093957e-26,4.135253759498075943e-01
4.727782225780624570e-01,4.905822445519356060e-26,4.135253759498075943e-01
4.735788630904724239e-01,6.061464543143887251e-26,4.135253759498075943e-01
4.743795036028823353e-01,7.486456476820318359e-26,4.135253759498075943e-01
4.751801441152922467e-01,9.242895242286560952e-26,4.135253759498075943e-01
4.759807846277022136e-01,1.140703434122053013e-25,4.135253759498075943e-01
4.767814251401121250e-01,1.407247411357481266e-25,4.135253759498075943e-01
4.775820656525220365e-01,1.735406256923470875e-25,4.135253759498075943e-01
4.783827061649319479e-01,2.139266302749356903e-25,4.135253759498075943e-01
4.791833466773419148e-01,2.636097882946890745e-25,4.135253759498075943e-01
4.799839871897518262e-01,3.247066662651835680e-25,4.135253759498075943e-01
4.807846277021617376e-01,3.998101980734997737e-25,4.135253759498075943e-01
4.815852682145717045e-01,4.920956436968939760e-25,4.135253759498075943e-01
4.823859087269816159e-01,6.054498321829447022e-25,4.135253759498075943e-01
4.831865492393915273e-01,7.446287419593333791e-25,4.135253759498075943e-01
4.839871897518014388e-01,9.154495540632574810e-25,4.135253759498075943e-01
4.847878302642114057e-01,1.125024625237733228e-24,4.135253759498075943e-01
4.855884707766213171e-01,1.382046415740388704e-24,4.135253759498075943e-01
4.863891112890312285e-01,1.697134328664201833e-24,4.135253759498075943e-01
4.871897518014411954e-01,2.083256742881805654e-24,4.135253759498075943e-01
4.879903923138511068e-01,2.556244333867851371e-24,4.135253759498075943e-01
4.887910328262610182e-01,3.135414176131278681e-24,4.135253759498075943e-01
4.895916733386709851e-01,3.844328228742620233e-24,4.135253759498075943e-01
4.903923138510808966e-01,4.711714766960765437e-24,4.135253759498075943e-01
4.911929543634908080e-01,5.772587313184428457e-24,4.135253759498075943e-01
4.919935948759007194e-01,7.069602849627756833e-24,4.135253759498075943e-01
4.927942353883106863e-01,8.654709815838637493e-24,4.135253759498075943e-01
4.935948759007205977e-01,1.059114690976692997e-23,4.135253759498075943e-01
4.943955164131305091e-01,1.295586638562602835e-23,4.135253759498075943e-01
4.951961569255404760e-01,1.584247081212775003e-23,4.135253759498075943e-01
4.959967974379503874e-01,1.936477064467177790e-23,4.135253759498075943e-01
4.967974379503602989e-01,2.366109210281372969e-23,4.135253759498075943e-01
4.975980784627702658e-01,2.889949148228119091e-23,4.135253759498075943e-01
4.983987189751801772e-01,3.528406407038545233e-23,4.135253759498075943e-01
4.991993594875900886e-01,4.306257435387935719e-23,4.135253759498075943e-01
5.000000000000000000e-01,5.253568050060243534e-23,4.135253759498075943e-01
5.008006405124099114e-01,6.406808170516713545e-23,4.135253759498075943e-01
5.016012810248199338e-01,7.810198376151429217e-23,4.135253759498075943e-01
5.024019215372298452e-01,9.517335836862136306e-23,4.135253759498075943e-01
5.032025620496397567e-01,1.159315678267928819e-22,4.135253759498075943e-01
5.040032025620496681e-01,1.411630420896503256e-22,4.135253759498075943e-01
5.048038430744595795e-01,1.718198333591636855e-22,4.135253759498075943e-01
5.056044835868694909e-01,2.090540390316663500e-22,4.135253759498075943e-01
5.064051240992794023e-01,2.542592821686862238e-22,4.135253759498075943e-01
5.072057646116894247e-01,3.091206761515000853e-22,4.135253759498075943e-01
5.080064051240993361e-01,3.756749843762668828e-22,4.135253759498075943e-01
5.088070456365092475e-01,4.563830258028701419e-22,4.135253759498075943e-01
5.096076861489191590e-01,5.542167836512206655e-22,4.135253759498075943e-01
5.104083266613290704e-01,6.727641603569656850e-22,4.135253759498075943e-01
5.112089671737389818e-01,8.163549022921720094e-22,4.135253759498075943e-01
5.120096076861488932e-01,9.902119108437973078e-22,4.135253759498075943e-01
5.128102481985589156e-01,1.200632983753113486e-21,4.135253759498075943e-01
5.136108887109688270e-01,1.455209017728128043e-21,4.135253759498075943e-01
5.144115292233787384e-01,1.763085880612483193e-21,4.135253759498075943e-01
5.152121697357886498e-01,2.135278564868615682e-21,4.135253759498075943e-01
5.160128102481985612e-01,2.585047906557586734e-21,4.135253759498075943e-01
5.168134507606084727e-01,3.128352146068346796e-21,4.135253759498075943e-01
5.176140912730184951e-01,3.784387978649962760e-21,4.135253759498075943e-01
5.184147317854284065e-01,4.576238565504889710e-21,4.135253759498075943e-01
5.192153722978383179e-01,5.531649334115181372e-21,4.135253759498075943e-01
5.200160128102482293e-01,6.683956389358867315e-21,4.135253759498075943e-01
5.208166533226581407e-01,8.073197102888463803e-21,4.135253759498075943e-01
5.216172938350680521e-01,9.747438086795353062e-21,4.135253759498075943e-01
5.224179343474779635e-01,1.176436245379972544e-20,4.135253759498075943e-01
5.232185748598879860e-01,1.419316621508640025e-20,4.135253759498075943e-01
5.240192153722978974e-01,1.711682309876578687e-20,4.135253759498075943e-01
5.248198558847078088e-01,2.063478825864362205e-20,4.135253759498075943e-01
5.256204963971177202e-01,2.486622460538051308e-20,4.135253759498075943e-01
5.264211369095276316e-01,2.995385120861321216e-20,4.135253759498075943e-01
5.272217774219375430e-01,3.606853183531915971e-20,4.135253759498075943e-01
5.280224179343474544e-01,4.341474373241003439e-20,4.135253759498075943e-01
5.288230584467574769e-01,5.223709284947534427e-20,4.135253759498075943e-01
5.296236989591673883e-01,6.282807255994877883e-20,4.135253759498075943e-01
5.304243394715772997e-01,7.553729943381831247e-20,4.135253759498075943e-01
5.312249799839872111e-01,9.078250275176835755e-20,4.135253759498075943e-01
5.320256204963971225e-01,1.090625954162155468e-19,4.135253759498075943e-01
5.328262610088070339e-01,1.309732141041018665e-19,4.135253759498075943e-01
5.336269015212170563e-01,1.572251875581247103e-19,4.135253759498075943e-01
5.344275420336269677e-01,1.886664757518762434e-19,4.135253759498075943e-01
5.352281825460368792e-01,2.263082215483754724e-19,4.135253759498075943e-01
5.360288230584467906e-01,2.713556730507271275e-19,4.135253759498075943e-01
5.368294635708567020e-01,3.252448722252082580e-19,4.135253759498075943e-01
5.376301040832666134e-01,3.896861672031463751e-19,4.135253759498075943e-01
5.384307445956765248e-01,4.667157962056598570e-19,4.135253759498075943e-01
5.392313851080865472e-01,5.587570152820345178e-19,4.135253759498075943e-01
5.400320256204964586e-01,6.686925058572994004e-19,4.135253759498075943e-01
5.408326661329063700e-01,7.999501082921729936e-19,4.135253759498075943e-01
5.416333066453162814e-01,9.566042922726928174e-19,4.135253759498075943e-01
5.424339471577261929e-01,1.143496203224208572e-18,4.135253759498075943e-01
5.432345876701361043e-01,1.366375627018014108e-18,4.135253759498075943e-01
5.440352281825460157e-01,1.632068805777854566e-18,4.135253759498075943e-01
5.448358686949560381e-01,1.948676730501868359e-18,4.135253759498075943e-01
5.456365092073659495e-01,2.325809348890092467e-18,4.135253759498075943e-01
5.464371497197758609e-01,2.774862079488306694e-18,4.135253759498075943e-01
5.472377902321857723e-01,3.309342139684301616e-18,4.135253759498075943e-01
5.480384307445956837e-01,3.945253502771287316e-18,4.135253759498075943e-01
5.488390712570055952e-01,4.701550830330687676e-18,4.135253759498075943e-01
5.496397117694155066e-01,5.600674517946915224e-18,4.135253759498075943e-01
5.504403522818255290e-01,6.669181088239272951e-18,4.135253759498075943e-01
5.512409927942354404e-01,7.938485615958661076e-18,4.135253759498075943e-01
5.520416333066453518e-01,9.445735734254929142e-18,4.135253759498075943e-01
5.528422738190552632e-01,1.123484011751347540e-17,4.135253759498075943e-01
5.536429143314651746e-01,1.335767824376162905e-17,4.135253759498075943e-01
5.544435548438750860e-01,1.587552280071257278e-17,4.135253759498075943e-01
5.552441953562851085e-01,1.886071142099867096e-17,4.135253759498075943e-01
5.560448358686950199e-01,2.239861063811592342e-17,4.135253759498075943e-01
5.568454763811049313e-01,2.658992218884158703e-17,4.135253759498075943e-01
5.576461168935148427e-01,3.155339021717479604e-17,4.135253759498075943e-01
5.584467574059247541e-01,3.742897775213988672e-17,4.135253759498075943e-01
5.592473979183346655e-01,4.438159226076667943e-17,4.135253759498075943e-01
5.600480384307445769e-01,5.260545337685027063e-17,4.135253759498075943e-01
5.608486789431545994e-01,6.232921137498098413e-17,4.135253759498075943e-01
5.616493194555645108e-01,7.382194294387051499e-17,4.135253759498075943e-01
5.624499599679744222e-01,8.740017171304415073e-17,4.135253759498075943e-01
5.632506004803843336e-01,1.034360852643956198e-16,4.135253759498075943e-01
5.640512409927942450e-01,1.223671485484291030e-16,4.135253759498075943e-01
5.648518815052041564e-01,1.447073463394146701e-16,4.135253759498075943e-01
5.656525220176140678e-01,1.710603253145919886e-16,4.135253759498075943e-01
5.664531625300240902e-01,2.021347503482454329e-16,4.135253759498075943e-01
5.672538030424340016e-01,2.387622406154806669e-16,4.135253759498075943e-01
5.680544435548439131e-01,2.819183101898787334e-16,4.135253759498075943e-01
5.688550840672538245e-01,3.327468062445121574e-16,4.135253759498075943e-01
5.696557245796637359e-01,3.925884171678849484e-16,4.135253759498075943e-01
5.704563650920736473e-01,4.630139145408938878e-16,4.135253759498075943e-01
5.712570056044836697e-01,5.458628988928358195e-16,4.135253759498075943e-01
5.720576461168935811e-01,6.432889416521778950e-16,4.135253759498075943e-01
5.728582866293034925e-01,7.578121572451464425e-16,4.135253759498075943e-01
5.736589271417134039e-01,8.923804027596202808e-16,4.135253759498075943e-01
5.744595676541233154e-01,1.050440491293605348e-15,4.135253759498075943e-01
5.752602081665332268e-01,1.236021022848532681e-15,4.135253759498075943e-01
5.760608486789431382e-01,1.453828687762168297e-15,4.135253759498075943e-01
5.768614891913531606e-01,1.709360187196558537e-15,4.135253759498075943e-01
5.776621297037630720e-01,2.009032248820197200e-15,4.135253759498075943e-01
5.784627702161729834e-01,2.360332600097982207e-15,4.135253759498075943e-01
5.792634107285828948e-01,2.771995204016128098e-15,4.135253759498075943e-01
5.800640512409928062e-01,3.254203571189463458e-15,4.135253759498075943e-01
5.808646917534027176e-01,3.818826547923352462e-15,4.135253759498075943e-01
5.816653322658126291e-01,4.479691653119567533e-15,4.135253759498075943e-01
5.824659727782226515e-01,5.252901810709018213e-15,4.135253759498075943e-01
5.832666132906325629e-01,6.157202213156168919e-15,4.135253759498075943e-01
5.840672538030424743e-01,7.214405072163827042e-15,4.135253759498075943e-01
5.848678943154523857e-01,8.449881183995134523e-15,4.135253759498075943e-01
5.856685348278622971e-01,9.893128580474626987e-15,4.135253759498075943e-01
5.864691753402722085e-01,1.157843007738845375e-14,4.135253759498075943e-01
5.872698158526822310e-01,1.354561329777206336e-14,4.135253759498075943e-01
5.880704563650921424e-01,1.584092877040187439e-14,4.135253759498075943e-01
5.888710968775020538e-01,1.851806402010378675e-14,4.135253759498075943e-01
5.896717373899119652e-01,2.163931421756263458e-14,4.135253759498075943e-01
5.904723779023218766e-01,2.527693298924475302e-14,4.135253759498075943e-01
5.912730184147317880e-01,2.951469045615108127e-14,4.135253759498075943e-01
5.920736589271416994e-01,3.444966953414236742e-14,4.135253759498075943e-01
5.928742994395517218e-01,4.019433605726314707e-14,4.135253759498075943e-01
5.936749399519616333e-01,4.687892345693271265e-14,4.135253759498075943e-01
5.944755804643715447e-01,5.465417863261778089e-14,4.135253759498075943e-01
5.952762209767814561e-01,6.369452238396742863e-14,4.135253759498075943e-01
5.960768614891913675e-01,7.420168545394268242e-14,4.135253759498075943e-01
5.968775020016012789e-01,8.640888998590804655e-14,4.135253759498075943e-01
5.976781425140111903e-01,1.005856561705701334e-13,4.135253759498075943e-01
5.984787830264212127e-01,1.170433252155409321e-13,4.135253759498075943e-01
5.992794235388311241e-01,1.361414026974335682e-13,4.135253759498075943e-01
6.000800640512410355e-01,1.582948410640375125e-13,4.135253759498075943e-01
6.008807045636509470e-01,1.839823967795350672e-13,4.135253759498075943e-01
6.016813450760608584e-01,2.137562166172622161e-13,4.135253759498075943e-01
6.024819855884707698e-01,2.482528292042914644e-13,4.135253759498075943e-01
6.032826261008807922e-01,2.882057424513736513e-13,4.135253759498075943e-01
6.040832666132907036e-01,3.344598753445190582e-13,4.135253759498075943e-01
6.048839071257006150e-01,3.879880841639492899e-13,4.135253759498075943e-01
6.056845476381105264e-01,4.499100790193158745e-13,4.135253759498075943e-01
6.064851881505204378e-01,5.215140671959654155e-13,4.135253759498075943e-01
6.072858286629303493e-01,6.042815058118697199e-13,4.135253759498075943e-01
6.080864691753402607e-01,6.999153983824515237e-13,4.135253759498075943e-01
6.088871096877502831e-01,8.103726288607393014e-13,4.135253759498075943e-01
6.096877502001601945e-01,9.379008934360815073e-13,4.135253759498075943e-01
6.104883907125701059e-01,1.085080865821276926e-12,4.135253759498075943e-01
6.112890312249800173e-01,1.254874317034300134e-12,4.135253759498075943e-01
6.120896717373899287e-01,1.450679007023880642e-12,4.135253759498075943e-01
6.128903122497998401e-01,1.676391274282308957e-12,4.135253759498075943e-01
6.136909527622097515e-01,1.936477372384832893e-12,4.135253759498075943e-01
6.144915932746197740e-01,2.236054740928862212e-12,4.135253759498075943e-01
6.152922337870296854e-01,2.580984554560550423e-12,4.135253759498075943e-01
6.160928742994395968e-01,2.977977069843486648e-12,4.135253759498075943e-01
6.168935148118495082e-01,3.434711488073425656e-12,4.135253759498075943e-01
6.176941553242594196e-01,3.959972275487399453e-12,4.135253759498075943e-01
6.184947958366693310e-01,4.563804133680791564e-12,4.135253759498075943e-01
6.192954363490792424e-01,5.257688095817242992e-12,4.135253759498075943e-01
6.200960768614892649e-01,6.054741542162891618e-12,4.135253759498075943e-01
6.208967173738991763e-01,6.969945285794879358e-12,4.135253759498075943e-01
6.216973578863090877e-01,8.020401280719498303e-12,4.135253759498075943e-01
6.224979983987189991e-01,9.225624955293498358e-12,4.135253759498075943e-01
6.232986389111289105e-01,1.060787667957864253e-11,4.135253759498075943e-01
6.240992794235388219e-01,1.219253744253167201e-11,4.135253759498075943e-01
6.248999199359488443e-01,1.400853445092027966e-11,4.135253759498075943e-01
6.257005604483587557e-01,1.608882307453491069e-11,4.135253759498075943e-01
6.265012009607686672e-01,1.847093236048293955e-11,4.135253759498075943e-01
6.273018414731785786e-01,2.119758223296441917e-11,4.135253759498075943e-01
6.281024819855884900e-01,2.431738149480588775e-11,4.135253759498075943e-01
6.289031224979984014e-01,2.788561686530566041e-11,4.135253759498075943e-01
6.297037630104083128e-01,3.196514453896823210e-11,4.135253759498075943e-01
6.305044035228183352e-01,3.662739714637864729e-11,4.135253759498075943e-01
6.313050440352282466e-01,4.195352055814830364e-11,4.135253759498075943e-01
6.321056845476381580e-01,4.803565671377885782e-11,4.135253759498075943e-01
6.329063250600480695e-01,5.497839059948388645e-11,4.135253759498075943e-01
6.337069655724579809e-01,6.290038166469719281e-11,4.135253759498075943e-01
6.345076060848678923e-01,7.193620238073333921e-11,4.135253759498075943e-01
6.353082465972778037e-01,8.223840933379979007e-11,4.135253759498075943e-01
6.361088871096878261e-01,9.397987523823283122e-11,4.135253759498075943e-01
6.369095276220977375e-01,1.073564135873694325e-10,4.135253759498075943e-01
6.377101681345076489e-01,1.225897313649475819e-10,4.135253759498075943e-01
6.385108086469175603e-01,1.399307493594911056e-10,4.135253759498075943e-01
6.393114491593274717e-01,1.596633342016029855e-10,4.135253759498075943e-01
6.401120896717373832e-01,1.821084913277351559e-10,4.135253759498075943e-01
6.409127301841474056e-01,2.076290737170110756e-10,4.135253759498075943e-01
6.417133706965573170e-01,2.366350675084508090e-10,4.135253759498075943e-01
6.425140112089672284e-01,2.695895225482884151e-10,4.135253759498075943e-01
6.433146517213771398e-01,3.070152036117805515e-10,4.135253759498075943e-01
6.441152922337870512e-01,3.495020465672728515e-10,4.135253759498075943e-01
6.449159327461969626e-01,3.977155131877698816e-10,4.135253759498075943e-01
6.457165732586068740e-01,4.524059487583626027e-10,4.135253759498075943e-01
6.465172137710168965e-01,5.144190581787293591e-10,4.135253759498075943e-01
6.473178542834268079e-01,5.847076290285901384e-10,4.135253759498075943e-01
6.481184947958367193e-01,6.643446441723372604e-10,4.135253759498075943e-01
6.489191353082466307e-01,7.545379420584077147e-10,4.135253759498075943e-01
6.497197758206565421e-01,8.566466000650039737e-10,4.135253759498075943e-01
6.505204163330664535e-01,9.721992352127531461e-10,4.135253759498075943e-01
6.513210568454763649e-01,1.102914437479572607e-09,4.135253759498075943e-01
6.521216973578863874e-01,1.250723574001128230e-09,4.135253759498075943e-01
6.529223378702962988e-01,1.417796227824470696e-09,4.135253759498075943e-01
6.537229783827062102e-01,1.606568562825301517e-09,4.135253759498075943e-01
6.545236188951161216e-01,1.819774937143361426e-09,4.135253759498075943e-01
6.553242594075260330e-01,2.060483121296619408e-09,4.135253759498075943e-01
6.561248999199359444e-01,2.332133514288100172e-09,4.135253759498075943e-01
6.569255404323459668e-01,2.638582791831366318e-09,4.135253759498075943e-01
6.577261809447558782e-01,2.984152465624062276e-09,4.135253759498075943e-01
6.585268214571657897e-01,3.373682881758929143e-09,4.135253759498075943e-01
6.593274619695757011e-01,3.812593240273907959e-09,4.135253759498075943e-01
6.601281024819856125e-01,4.306948276930734437e-09,4.135253759498075943e-01
6.609287429943955239e-01,4.863532313038787989e-09,4.135253759498075943e-01
6.617293835068054353e-01,5.489931450003986526e-09,4.135253759498075943e-01
6.625300240192154577e-01,6.194624762825497149e-09,4.135253759498075943e-01
6.633306645316253691e-01,6.987085431560781686e-09,4.135253759498075943e-01
6.641313050440352805e-01,7.877892842461635956e-09,4.135253759498075943e-01
6.649319455564451919e-01,8.878856791729668219e-09,4.135253759498075943e-01
6.657325860688551034e-01,1.000315503537587617e-08,4.135253759498075943e-01
6.665332265812650148e-01,1.126548554926925083e-08,4.135253759498075943e-01
6.673338670936749262e-01,1.268223499498635356e-08,4.135253759498075943e-01
6.681345076060849486e-01,1.427166503041753822e-08,4.135253759498075943e-01
6.689351481184948600e-01,1.605411826022091314e-08,4.135253759498075943e-01
6.697357886309047714e-01,1.805224579118380056e-08,4.135253759498075943e-01
6.705364291433146828e-01,2.029125854248488385e-08,4.135253759498075943e-01
6.713370696557245942e-01,2.279920466192955025e-08,4.135253759498075943e-01
6.721377101681345057e-01,2.560727561774098674e-08,4.135253759498075943e-01
6.729383506805445281e-01,2.875014377281038024e-08,4.135253759498075943e-01
6.737389911929544395e-01,3.226633450590225293e-08,4.135253759498075943e-01
6.745396317053643509e-01,3.619863622373243241e-08,4.135253759498075943e-01
6.753402722177742623e-01,4.059455191076334193e-08,4.135253759498075943e-01
6.761409127301841737e-01,4.550679619175849152e-08,4.135253759498075943e-01
6.769415532425940851e-01,5.099384223752459110e-08,4.135253759498075943e-01
6.777421937550039965e-01,5.712052322882613193e-08,4.135253759498075943e-01
6.785428342674140190e-01,6.395869350934368372e-08,4.135253759498075943e-01
6.793434747798239304e-01,7.158795500802896021e-08,4.135253759498075943e-01
6.801441152922338418e-01,8.009645499671113068e-08,4.135253759498075943e-01
6.809447558046437532e-01,8.958176177285209895e-08,4.135253759498075943e-01
6.817453963170536646e-01,1.001518254226594710e-07,4.135253759498075943e-01
6.825460368294635760e-01,1.119260314292045637e-07,4.135253759498075943e-01
6.833466773418734874e-01,1.250363555468106418e-07,4.135253759498075943e-01
6.841473178542835099e-01,1.396286290698297568e-07,4.135253759498075943e-01
6.849479583666934213e-01,1.558639243846008030e-07,4.135253759498075943e-01
6.857485988791033327e-01,1.739200715111676327e-07,4.135253759498075943e-01
6.865492393915132441e-01,1.939933172201848322e-07,4.135253759498075943e-01
6.873498799039231555e-01,2.163001392540505117e-07,4.135253759498075943e-01
6.881505204163330669e-01,2.410792291939181823e-07,4.135253759498075943e-01
6.889511609287429783e-01,2.685936586002086380e-07,4.135253759498075943e-01
6.897518014411530007e-01,2.991332442178088257e-07,4.135253759498075943e-01
6.905524419535629121e-01,3.330171292833009307e-07,4.135253759498075943e-01
6.913530824659728236e-01,3.705965993050620867e-07,4.135253759498075943e-01
6.921537229783827350e-01,4.122581521130517208e-07,4.135253759498075943e-01
6.929543634907926464e-01,4.584268434989025572e-07,4.135253759498075943e-01
6.937550040032025578e-01,5.095699313941291328e-07,4.135253759498075943e-01
6.945556445156125802e-01,5.662008432703973369e-07,4.135253759498075943e-01
6.953562850280224916e-01,6.288834932972183246e-07,4.135253759498075943e-01
6.961569255404324030e-01,6.982369777647303855e-07,4.135253759498075943e-01
6.969575660528423144e-01,7.749406793793339158e-07,4.135253759498075943e-01
6.977582065652522259e-01,8.597398132738143101e-07,4.135253759498075943e-01
6.985588470776621373e-01,9.534514499485315486e-07,4.135253759498075943e-01
6.993594875900720487e-01,1.056971052882625932e-06,4.135253759498075943e-01
7.001601281024820711e-01,1.171279571231301639e-06,4.135253759498075943e-01
7.009607686148919825e-01,1.297451130864368784e-06,4.135253759498075943e-01
7.017614091273018939e-01,1.436661370009714192e-06,4.135253759498075943e-01
7.025620496397118053e-01,1.590196468949602639e-06,4.135253759498075943e-01
7.033626901521217167e-01,1.759462926588049057e-06,4.135253759498075943e-01
7.041633306645316281e-01,1.945998140267141179e-06,4.135253759498075943e-01
7.049639711769415396e-01,2.151481848972100617e-06,4.135253759498075943e-01
7.057646116893515620e-01,2.377748504030681538e-06,4.135253759498075943e-01
7.065652522017614734e-01,2.626800635596313594e-06,4.135253759498075943e-01
7.073658927141713848e-01,2.900823287608830464e-06,4.135253759498075943e-01
7.081665332265812962e-01,3.202199598559695699e-06,4.135253759498075943e-01
7.089671737389912076e-01,3.533527610261886199e-06,4.135253759498075943e-01
7.097678142514011190e-01,3.897638391939881939e-06,4.135253759498075943e-01
7.105684547638111415e-01,4.297615572321621265e-06,4.135253759498075943e-01
7.113690952762210529e-01,4.736816378041890885e-06,4.135253759498075943e-01
7.121697357886309643e-01,5.218894282552472506e-06,4.135253759498075943e-01
7.129703763010408757e-01,5.747823375896356557e-06,4.135253759498075943e-01
7.137710168134507871e-01,6.327924572136809157e-06,4.135253759498075943e-01
7.145716573258606985e-01,6.963893777946299405e-06,4.135253759498075943e-01
7.153722978382706099e-01,7.660832152861500423e-06,4.135253759498075943e-01
7.161729383506806323e-01,8.424278598997185250e-06,4.135253759498075943e-01
7.169735788630905438e-01,9.260244625586837414e-06,4.135253759498075943e-01
7.177742193755004552e-01,1.017525174159160251e-05,4.135253759498075943e-01
7.185748598879103666e-01,1.117637153777934891e-05,4.135253759498075943e-01
7.193755004003202780e-01,1.227126862813159319e-05,4.135253759498075943e-01
7.201761409127301894e-01,1.346824662918252260e-05,4.135253759498075943e-01
7.209767814251401008e-01,1.477629736492952681e-05,4.135253759498075943e-01
7.217774219375501232e-01,1.620515349426888166e-05,4.135253759498075943e-01
7.225780624499600346e-01,1.776534476751194020e-05,4.135253759498075943e-01
7.233787029623699461e-01,1.946825812839622524e-05,4.135253759498075943e-01
7.241793434747798575e-01,2.132620188813992234e-05,4.135253759498075943e-01
7.249799839871897689e-01,2.335247420845717933e-05,4.135253759498075943e-01
7.257806244995996803e-01,2.556143614106058857e-05,4.135253759498075943e-01
7.265812650120097027e-01,2.796858948202196943e-05,4.135253759498075943e-01
7.273819055244196141e-01,3.059065971037628316e-05,4.135253759498075943e-01
7.281825460368295255e-01,3.344568429157560854e-05,4.135253759498075943e-01
7.289831865492394369e-01,3.655310663777504038e-05,4.135253759498075943e-01
7.297838270616493483e-01,3.993387602842660356e-05,4.135253759498075943e-01
7.305844675740592598e-01,4.361055380625534827e-05,4.135253759498075943e-01
7.313851080864691712e-01,4.760742617537728951e-05,4.135253759498075943e-01
7.321857485988791936e-01,5.195062394001287860e-05,4.135253759498075943e-01
7.329863891112891050e-01,5.666824953395326086e-05,4.135253759498075943e-01
7.337870296236990164e-01,6.179051170258251745e-05,4.135253759498075943e-01
7.345876701361089278e-01,6.734986821082477552e-05,4.135253759498075943e-01
7.353883106485188392e-01,7.338117696178103838e-05,4.135253759498075943e-01
7.361889511609287506e-01,7.992185592203590702e-05,4.135253759498075943e-01
7.369895916733386620e-01,8.701205226056738754e-05,4.135253759498075943e-01
7.377902321857486845e-01,9.469482111881191309e-05,4.135253759498075943e-01
7.385908726981585959e-01,1.030163144396772760e-04,4.135253759498075943e-01
7.393915132105685073e-01,1.120259802930872502e-04,4.135253759498075943e-01
7.401921537229784187e-01,1.217767731448548944e-04,4.135253759498075943e-01
7.409927942353883301e-01,1.323253755243316329e-04,4.135253759498075943e-01
7.417934347477982415e-01,1.437324315541647576e-04,4.135253759498075943e-01
7.425940752602082640e-01,1.560627928126783522e-04,4.135253759498075943e-01
7.433947157726181754e-01,1.693857770055386374e-04,4.135253759498075943e-01
7.441953562850280868e-01,1.837754399287104122e-04,4.135253759498075943e-01
7.449959967974379982e-01,1.993108612087743934e-04,4.135253759498075943e-01
7.457966373098479096e-01,2.160764443096872638e-04,4.135253759498075943e-01
7.465972778222578210e-01,2.341622312966941443e-04,4.135253759498075943e-01
7.473979183346677324e-01,2.536642328482763211e-04,4.135253759498075943e-01
7.481985588470777548e-01,2.746847740056564710e-04,4.135253759498075943e-01
7.489991993594876662e-01,2.973328561464904859e-04,4.135253759498075943e-01
7.497998398718975777e-01,3.217245356642608437e-04,4.135253759498075943e-01
7.506004803843074891e-01,3.479833198283761365e-04,4.135253759498075943e-01
7.514011208967174005e-01,3.762405802908818774e-04,4.135253759498075943e-01
7.522017614091273119e-01,4.066359846947800055e-04,4.135253759498075943e-01
7.530024019215372233e-01,4.393179468253406738e-04,4.135253759498075943e-01
7.538030424339472457e-01,4.744440957298788034e-04,4.135253759498075943e-01
7.546036829463571571e-01,5.121817642128467666e-04,4.135253759498075943e-01
7.554043234587670685e-01,5.527084970916908971e-04,4.135253759498075943e-01
7.562049639711769800e-01,5.962125795743674923e-04,4.135253759498075943e-01
7.570056044835868914e-01,6.428935860922038075e-04,4.135253759498075943e-01
7.578062449959968028e-01,6.929629498906606866e-04,4.135253759498075943e-01
7.586068855084067142e-01,7.466445536467769453e-04,4.135253759498075943e-01
7.594075260208167366e-01,8.041753413441177570e-04,4.135253759498075943e-01
7.602081665332266480e-01,8.658059515948725434e-04,4.135253759498075943e-01
7.610088070456365594e-01,9.318013725532520337e-04,4.135253759498075943e-01
7.618094475580464708e-01,1.002441618515459518e-03,4.135253759498075943e-01
7.626100880704563822e-01,1.078022428248134965e-03,4.135253759498075943e-01
7.634107285828662937e-01,1.158855985029693314e-03,4.135253759498075943e-01
7.642113690952763161e-01,1.245271658326882426e-03,4.135253759498075943e-01
7.650120096076862275e-01,1.337616766963094185e-03,4.135253759498075943e-01
7.658126501200961389e-01,1.436257363564118509e-03,4.135253759498075943e-01
7.666132906325060503e-01,1.541579039990926756e-03,4.135253759498075943e-01
7.674139311449159617e-01,1.653987753389959134e-03,4.135253759498075943e-01
7.682145716573258731e-01,1.773910672405843748e-03,4.135253759498075943e-01
7.690152121697357845e-01,1.901797043011740213e-03,4.135253759498075943e-01
7.698158526821458070e-01,2.038119073318564022e-03,4.135253759498075943e-01
7.706164931945557184e-01,2.183372836624248008e-03,4.135253759498075943e-01
7.714171337069656298e-01,2.338079191860177770e-03,4.135253759498075943e-01
7.722177742193755412e-01,2.502784720483193157e-03,4.135253759498075943e-01
7.730184147317854526e-01,2.678062678747176236e-03,4.135253759498075943e-01
7.738190552441953640e-01,2.864513964170333372e-03,4.135253759498075943e-01
7.746196957566052754e-01,3.062768094890220248e-03,4.135253759498075943e-01
7.754203362690152979e-01,3.273484200471265572e-03,4.135253759498075943e-01
7.762209767814252093e-01,3.497352022598055384e-03,4.135253759498075943e-01
7.770216172938351207e-01,3.735092923950712566e-03,4.135253759498075943e-01
7.778222578062450321e-01,3.987460903418297599e-03,4.135253759498075943e-01
7.786228983186549435e-01,4.255243615663160776e-03,4.135253759498075943e-01
7.794235388310648549e-01,4.539263392900811690e-03,4.135253759498075943e-01
7.802241793434748773e-01,4.840378266610502987e-03,4.135253759498075943e-01
7.810248198558847887e-01,5.159482986736710526e-03,4.135253759498075943e-01
7.818254603682947002e-01,5.497510035786887933e-03,4.135253759498075943e-01
7.826261008807046116e-01,5.855430635073555386e-03,4.135253759498075943e-01
7.834267413931145230e-01,6.234255740186270094e-03,4.135253759498075943e-01
7.842273819055244344e-01,6.635037022620683851e-03,4.135253759498075943e-01
7.850280224179343458e-01,7.058867834329934920e-03,4.135253759498075943e-01
7.858286629303443682e-01,7.506884151797893825e-03,4.135253759498075943e-01
7.866293034427542796e-01,7.980265496075890710e-03,4.135253759498075943e-01
7.874299439551641910e-01,8.480235825061318775e-03,4.135253759498075943e-01
7.882305844675741024e-01,9.008064394133600411e-03,4.135253759498075943e-01
7.890312249799840139e-01,9.565066581108668670e-03,4.135253759498075943e-01
7.898318654923939253e-01,1.015260467131284469e-02,4.135253759498075943e-01
7.906325060048038367e-01,1.077208859842836673e-02,4.135253759498075943e-01
7.914331465172138591e-01,1.142497663660888702e-02,4.135253759498075943e-01
7.922337870296237705e-01,1.211277603922382255e-02,4.135253759498075943e-01
7.930344275420336819e-01,1.283704361945223540e-02,4.135253759498075943e-01
7.938350680544435933e-01,1.359938626781497482e-02,4.135253759498075943e-01
7.946357085668535047e-01,1.440146140161215928e-02,4.135253759498075943e-01
7.954363490792634162e-01,1.524497734112240273e-02,4.135253759498075943e-01
7.962369895916734386e-01,1.613169360731445817e-02,4.135253759498075943e-01
7.970376301040833500e-01,1.706342113572977687e-02,4.135253759498075943e-01
7.978382706164932614e-01,1.804202240111847308e-02,4.135253759498075943e-01
7.986389111289031728e-01,1.906941144734631416e-02,4.135253759498075943e-01
7.994395516413130842e-01,2.014755381702536610e-02,4.135253759498075943e-01
8.002401921537229956e-01,2.127846637529760138e-02,4.135253759498075943e-01
8.010408326661329070e-01,2.246421702216256505e-02,4.135253759498075943e-01
8.018414731785429295e-01,2.370692428774235846e-02,4.135253759498075943e-01
8.026421136909528409e-01,2.500875680487844518e-02,4.135253759498075943e-01
8.034427542033627523e-01,2.637193265348483986e-02,4.135253759498075943e-01
8.042433947157726637e-01,2.779871857112413761e-02,4.135253759498075943e-01
8.050440352281825751e-01,2.929142902433226267e-02,4.135253759498075943e-01
8.058446757405924865e-01,3.085242513531342989e-02,4.135253759498075943e-01
8.066453162530023979e-01,3.248411345872768280e-02,4.135253759498075943e-01
8.074459567654124204e-01,3.418894460341458802e-02,4.135253759498075943e-01
8.082465972778223318e-01,3.596941169405909466e-02,4.135253759498075943e-01
8.090472377902322432e-01,3.782804866796255633e-02,4.135253759498075943e-01
8.098478783026421546e-01,3.976742840232264792e-02,4.135253759498075943e-01
8.106485188150520660e-01,4.179016066760499887e-02,4.135253759498075943e-01
8.114491593274619774e-01,4.389888990286664600e-02,4.135253759498075943e-01
8.122497998398719998e-01,4.609629280916618249e-02,4.135253759498075943e-01
8.130504403522819112e-01,4.838507575749979861e-02,4.135253759498075943e-01
8.138510808646918226e-01,5.076797200803045279e-02,4.135253759498075943e-01
8.146517213771017341e-01,5.324773873773947647e-02,4.135253759498075943e-01
8.154523618895116455e-01,5.582715387401156193e-02,4.135253759498075943e-01
8.162530024019215569e-01,5.850901273208694575e-02,4.135253759498075943e-01
8.170536429143314683e-01,6.129612445473383436e-02,4.135253759498075943e-01
8.178542834267414907e-01,6.419130825297833520e-02,4.135253759498075943e-01
8.186549239391514021e-01,6.719738944722560003e-02,4.135253759498075943e-01
8.194555644515613135e-01,7.031719530858510092e-02,4.135253759498075943e-01
8.202562049639712249e-01,7.355355070080753233e-02,4.135253759498075943e-01
8.210568454763811364e-01,7.690927352377885384e-02,4.135253759498075943e-01
8.218574859887910478e-01,8.038716996011548155e-02,4.135253759498075943e-01
8.226581265012009592e-01,8.399002952699438640e-02,4.135253759498075943e-01
8.234587670136109816e-01,8.772061993603356977e-02,4.135253759498075943e-01
8.242594075260208930e-01,9.158168176466006949e-02,4.135253759498075943e-01
8.250600480384308044e-01,9.557592294307568070e-02,4.135253759498075943e-01
8.258606885508407158e-01,9.970601306163154320e-02,4.135253759498075943e-01
8.266613290632506272e-01,1.039745775041396592e-01,4.135253759498075943e-01
8.274619695756605386e-01,1.083841914133318596e-01,4.135253759498075943e-01
8.282626100880704501e-01,1.129373734954561281e-01,4.135253759498075943e-01
8.290632506004804725e-01,1.176365796717251805e-01,4.135253759498075943e-01
8.298638911128903839e-01,1.224841965850275438e-01,4.135253759498075943e-01
8.306645316253002953e-01,1.274825349711845301e-01,4.135253759498075943e-01
8.314651721377102067e-01,1.326338229046741812e-01,4.135253759498075943e-01
8.322658126501201181e-01,1.379401989295523101e-01,4.135253759498075943e-01
8.330664531625300295e-01,1.434037050870942964e-01,4.135253759498075943e-01
8.338670936749400520e-01,1.490262798523347976e-01,4.135253759498075943e-01
8.346677341873499634e-01,1.548097509925001336e-01,4.135253759498075943e-01
8.354683746997598748e-01,1.607558283610662497e-01,4.135253759498075943e-01
8.362690152121697862e-01,1.668660966418342162e-01,4.135253759498075943e-01
8.370696557245796976e-01,1.731420080581458909e-01,4.135253759498075943e-01
8.378702962369896090e-01,1.795848750630583690e-01,4.135253759498075943e-01
8.386709367493995204e-01,1.861958630268837345e-01,4.135253759498075943e-01
8.394715772618095428e-01,1.929759829392594384e-01,4.135253759498075943e-01
8.402722177742194543e-01,1.999260841433834757e-01,4.135253759498075943e-01
8.410728582866293657e-01,2.070468471206374783e-01,4.135253759498075943e-01
8.418734987990392771e-01,2.143387763444604410e-01,4.135253759498075943e-01
8.426741393114491885e-01,2.218021932226671711e-01,4.135253759498075943e-01
8.434747798238590999e-01,2.294372291479628290e-01,4.135253759498075943e-01
8.442754203362690113e-01,2.372438186767811263e-01,4.135253759498075943e-01
8.450760608486790337e-01,2.452216928569197207e-01,4.135253759498075943e-01
8.458767013610889451e-01,2.533703727247150761e-01,4.135253759498075943e-01
8.466773418734988566e-01,2.616891629928139729e-01,4.135253759498075943e-01
8.474779823859087680e-01,2.701771459497464556e-01,4.135253759498075943e-01
8.482786228983186794e-01,2.788331755926409805e-01,4.135253759498075943e-01
8.490792634107285908e-01,2.876558720144730130e-01,4.135253759498075943e-01
8.498799039231386132e-01,2.966436160672901723e-01,4.135253759498075943e-01
8.506805444355485246e-01,3.057945443227389481e-01,4.135253759498075943e-01
8.514811849479584360e-01,3.151065443510821518e-01,4.135253759498075943e-01
8.522818254603683474e-01,3.245772503397776343e-01,4.135253759498075943e-01
8.530824659727782588e-01,3.342040390722815779e-01,4.135253759498075943e-01
8.538831064851881703e-01,3.439840262875417665e-01,4.135253759498075943e-01
8.546837469975980817e-01,3.539140634400310126e-01,4.135253759498075943e-01
8.554843875100081041e-01,3.639907348799228948e-01,4.135253759498075943e-01
8.562850280224180155e-01,3.742103554721478709e-01,4.135253759498075943e-01
8.570856685348279269e-01,3.845689686727448153e-01,4.135253759498075943e-01
8.578863090472378383e-01,3.950623450798926850e-01,4.135253759498075943e-01
8.586869495596477497e-01,4.056859814762988070e-01,4.135253759498075943e-01
8.594875900720576611e-01,4.164351003789135697e-01,4.135253759498075943e-01
8.602882305844675725e-01,4.273046501108114237e-01,4.135253759498075943e-01
8.610888710968775950e-01,4.382893054091054896e-01,4.135253759498075943e-01
8.618895116092875064e-01,4.493834685816344154e-01,4.135253759498075943e-01
8.626901521216974178e-01,4.605812712241147411e-01,4.135253759498075943e-01
8.634907926341073292e-01,4.718765765081323060e-01,4.135253759498075943e-01
8.642914331465172406e-01,4.832629820490056960e-01,4.135253759498075943e-01
8.650920736589271520e-01,4.947338233613410297e-01,4.135253759498075943e-01
8.658927141713371745e-01,5.062821779085838747e-01,4.135253759498075943e-01
8.666933546837470859e-01,5.179008697515494752e-01,4.135253759498075943e-01
8.674939951961569973e-01,5.295824747990953707e-01,4.135253759498075943e-01
8.682946357085669087e-01,5.413193266629611200e-01,4.135253759498075943e-01
8.690952762209768201e-01,5.531035231166949728e-01,4.135253759498075943e-01
8.698959167333867315e-01,5.649269331575794695e-01,4.135253759498075943e-01
8.706965572457966429e-01,5.767812046682051497e-01,4.135253759498075943e-01
8.714971977582066653e-01,5.886577726728762228e-01,4.135253759498075943e-01
8.722978382706165768e-01,6.005478681825073828e-01,4.135253759498075943e-01
8.730984787830264882e-01,6.124425276194269685e-01,4.135253759498075943e-01
8.738991192954363996e-01,6.243326028123503679e-01,4.135253759498075943e-01
8.746997598078463110e-01,6.362087715497187768e-01,4.135253759498075943e-01
8.755004003202562224e-01,6.480615486776543088e-01,4.135253759498075943e-01
8.763010408326661338e-01,6.598812977274478575e-01,4.135253759498075943e-01
8.771016813450761562e-01,6.716582430556048422e-01,4.135253759498075943e-01
8.779023218574860676e-01,6.833824824775298623e-01,4.135253759498075943e-01
8.787029623698959790e-01,6.950440003746692907e-01,4.135253759498075943e-01
8.795036028823058905e-01,7.066326812529976076e-01,4.135253759498075943e-01
8.803042433947158019e-01,7.181383237290097643e-01,4.135253759498075943e-01
8.811048839071257133e-01,7.295506549181569600e-01,4.135253759498075943e-01
8.819055244195357357e-01,7.408593451988675360e-01,4.135253759498075943e-01
8.827061649319456471e-01,7.520540233240197159e-01,4.135253759498075943e-01
8.835068054443555585e-01,7.631242918502973982e-01,4.135253759498075943e-01
8.843074459567654699e-01,7.740597428544270242e-01,4.135253759498075943e-01
8.851080864691753813e-01,7.848499739041610024e-01,4.135253759498075943e-01
8.859087269815852927e-01,7.954846042502837777e-01,4.135253759498075943e-01
8.867093674939952042e-01,8.059532912052588260e-01,4.135253759498075943e-01
8.875100080064052266e-01,8.162457466733787914e-01,4.135253759498075943e-01
8.883106485188151380e-01,8.263517537963767090e-01,4.135253759498075943e-01
8.891112890312250494e-01,8.362611836773438112e-01,4.135253759498075943e-01
8.899119295436349608e-01,8.459640121449945038e-01,4.135253759498075943e-01
8.907125700560448722e-01,8.554503365191419295e-01,4.135253759498075943e-01
8.915132105684547836e-01,8.647103923378953727e-01,4.135253759498075943e-01
8.923138510808646950e-01,8.737345700074429233e-01,4.135253759498075943e-01
8.931144915932747175e-01,8.825134313366171934e-01,4.135253759498075943e-01
8.939151321056846289e-01,8.910377259180145559e-01,4.135253759498075943e-01
8.947157726180945403e-01,8.992984073167903381e-01,4.135253759498075943e-01
8.955164131305044517e-01,9.072866490254480887e-01,4.135253759498075943e-01
8.963170536429143631e-01,9.149938601415521511e-01,4.135253759498075943e-01
8.971176941553242745e-01,9.224117007263462620e-01,4.135253759498075943e-01
8.979183346677341859e-01,9.295320968070123202e-01,4.135253759498075943e-01
8.987189751801442084e-01,9.363472549916103116e-01,4.135253759498075943e-01
8.995196156925541198e-01,9.428496766696057296e-01,4.135253759498075943e-01
9.003202562049640312e-01,9.490321717669850665e-01,4.135253759498075943e-01
9.011208967173739426e-01,9.548878720144240440e-01,4.135253759498075943e-01
9.019215372297838540e-01,9.604102436745638460e-01,4.135253759498075943e-01
9.027221777421937654e-01,9.655930996720596404e-01,4.135253759498075943e-01
9.035228182546037878e-01,9.704306110846018241e-01,4.135253759498075943e-01
9.043234587670136992e-01,9.749173179842135495e-01,4.135253759498075943e-01
9.051240992794236107e-01,9.790481396513016632e-01,4.135253759498075943e-01
9.059247397918335221e-01,9.828183841959857725e-01,4.135253759498075943e-01
9.067253803042434335e-01,9.862237575937069511e-01,4.135253759498075943e-01
9.075260208166533449e-01,9.892603720752471963e-01,4.135253759498075943e-01
9.083266613290632563e-01,9.919247537318489627e-01,4.135253759498075943e-01
9.091273018414732787e-01,9.942138491517066301e-01,4.135253759498075943e-01
9.099279423538831901e-01,9.961250309436385786e-01,4.135253759498075943e-01
9.107285828662931015e-01,9.976561021476285651e-01,4.135253759498075943e-01
9.115292233787030129e-01,9.988052997531809973e-01,4.135253759498075943e-01
9.123298638911129244e-01,9.995712977519543019e-01,4.135253759498075943e-01
9.131305044035228358e-01,9.999532101754745606e-01,4.135253759498075943e-01
9.139311449159327472e-01,9.999505941767727890e-01,4.135253759498075943e-01
9.147317854283427696e-01,9.995634523294176788e-01,4.135253759498075943e-01
9.155324259407526810e-01,9.987922328245629755e-01,4.135253759498075943e-01
9.163330664531625924e-01,9.976378274246727740e-01,4.135253759498075943e-01
9.171337069655725038e-01,9.961015683827767475e-01,4.135253759498075943e-01
9.179343474779824152e-01,9.941852252237328713e-01,4.135253759498075943e-01
9.187349879903923267e-01,9.918910014301388633e-01,4.135253759498075943e-01
9.195356285028023491e-01,9.892215306841114497e-01,4.135253759498075943e-01
9.203362690152122605e-01,9.861798723203206718e-01,4.135253759498075943e-01
9.211369095276221719e-01,9.827695058012679841e-01,4.135253759498075943e-01
9.219375500400320833e-01,9.789943241862935075e-01,4.135253759498075943e-01
9.227381905524419947e-01,9.748586266701021463e-01,4.135253759498075943e-01
9.235388310648519061e-01,9.703671103018131072e-01,4.135253759498075943e-01
9.243394715772618175e-01,9.655248609823474659e-01,4.135253759498075943e-01
9.251401120896718400e-01,9.603373438015483377e-01,4.135253759498075943e-01
9.259407526020817514e-01,9.548103927435624971e-01,4.135253759498075943e-01
9.267413931144916628e-01,9.489501997698686075e-01,4.135253759498075943e-01
9.275420336269015742e-01,9.427633032870734731e-01,4.135253759498075943e-01
9.283426741393114856e-01,9.362565760143803928e-01,4.135253759498075943e-01
9.291433146517213970e-01,9.294372122768436162e-01,4.135253759498075943e-01
9.299439551641313084e-01,9.223127147587949493e-01,4.135253759498075943e-01
9.307445956765413309e-01,9.148908807565754309e-01,4.135253759498075943e-01
9.315452361889512423e-01,9.071797879697978129e-01,4.135253759498075943e-01
9.323458767013611537e-01,8.991877798693043156e-01,4.135253759498075943e-01
9.331465172137710651e-01,8.909234506789336372e-01,4.135253759498075943e-01
9.339471577261809765e-01,8.823956300079534021e-01,4.135253759498075943e-01
9.347477982385908879e-01,8.736133671713633975e-01,4.135253759498075943e-01
9.355484387510009103e-01,8.645859152364741007e-01,4.135253759498075943e-01
9.363490792634108217e-01,8.553227148349852316e-01,4.135253759498075943e-01
9.371497197758207331e-01,8.458333777801558817e-01,4.135253759498075943e-01
9.379503602882306446e-01,8.361276705290638933e-01,4.135253759498075943e-01
9.387510008006405560e-01,8.262154975294484505e-01,4.135253759498075943e-01
9.395516413130504674e-01,8.161068844909153963e-01,4.135253759498075943e-01
9.403522818254603788e-01,8.058119616194873158e-01,4.135253759498075943e-01
9.411529223378704012e-01,7.953409468543047867e-01,4.135253759498075943e-01
9.419535628502803126e-01,7.847041291451266609e-01,4.135253759498075943e-01
9.427542033626902240e-01,7.739118518081657960e-01,4.135253759498075943e-01
9.435548438751001354e-01,7.629744959974741336e-01,4.135253759498075943e-01
9.443554843875100469e-01,7.519024643283173104e-01,4.135253759498075943e-01
9.451561248999199583e-01,7.407061646877706185e-01,4.135253759498075943e-01
9.459567654123298697e-01,7.293959942672078034e-01,4.135253759498075943e-01
9.467574059247398921e-01,7.179823238497641258e-01,4.135253759498075943e-01
9.475580464371498035e-01,7.064754823852349430e-01,4.135253759498075943e-01
9.483586869495597149e-01,6.948857418830558519e-01,4.135253759498075943e-01
9.491593274619696263e-01,6.832233026532174014e-01,4.135253759498075943e-01
9.499599679743795377e-01,6.714982789230906635e-01,4.135253759498075943e-01
9.507606084867894491e-01,6.597206848570716931e-01,4.135253759498075943e-01
9.515612489991994716e-01,6.479004210041543477e-01,4.135253759498075943e-01
9.523618895116093830e-01,6.360472611970203749e-01,4.135253759498075943e-01
9.531625300240192944e-01,6.241708399249339401e-01,4.135253759498075943e-01
9.539631705364292058e-01,6.122806402006286675e-01,4.135253759498075943e-01
9.547638110488391172e-01,6.003859819399059994e-01,4.135253759498075943e-01
9.555644515612490286e-01,5.884960108709187399e-01,4.135253759498075943e-01
9.563650920736589400e-01,5.766196879883970228e-01,4.135253759498075943e-01
9.571657325860689625e-01,5.647657795664124958e-01,4.135253759498075943e-01
9.579663730984788739e-01,5.529428477413089738e-01,4.135253759498075943e-01
9.587670136108887853e-01,5.411592416748198797e-01,4.135253759498075943e-01
9.595676541232986967e-01,5.294230893056630638e-01,4.135253759498075943e-01
9.603682946357086081e-01,5.177422896961856313e-01,4.135253759498075943e-01
9.611689351481185195e-01,5.061245059786303457e-01,4.135253759498075943e-01
9.619695756605284309e-01,4.945771589043415073e-01,4.135253759498075943e-01
9.627702161729384533e-01,4.831074209972106015e-01,4.135253759498075943e-01
9.635708566853483648e-01,4.717222113111594894e-01,4.135253759498075943e-01
9.643714971977582762e-01,4.604281907898528092e-01,4.135253759498075943e-01
9.651721377101681876e-01,4.492317582252737251e-01,4.135253759498075943e-01
9.659727782225780990e-01,4.381390468101794000e-01,4.135253759498075943e-01
9.667734187349880104e-01,4.271559212781807502e-01,4.135253759498075943e-01
9.675740592473979218e-01,4.162879756235881579e-01,4.135253759498075943e-01
9.683746997598079442e-01,4.055405313919838717e-01,4.135253759498075943e-01
9.691753402722178556e-01,3.949186365310700664e-01,4.135253759498075943e-01
9.699759807846277671e-01,3.844270647901322224e-01,4.135253759498075943e-01
9.707766212970376785e-01,3.740703156553812359e-01,4.135253759498075943e-01
9.715772618094475899e-01,3.638526148072341870e-01,4.135253759498075943e-01
9.723779023218575013e-01,3.537779150847013554e-01,4.135253759498075943e-01
9.731785428342675237e-01,3.438498979409221890e-01,4.135253759498075943e-01
9.739791833466774351e-01,3.340719753732221964e-01,4.135253759498075943e-01
9.747798238590873465e-01,3.244472923100921724e-01,4.135253759498075943e-01
9.755804643714972579e-01,3.149787294368949775e-01,4.135253759498075943e-01
9.763811048839071693e-01,3.056689064413982693e-01,4.135253759498075943e-01
9.771817453963170808e-01,2.965201856596003660e-01,4.135253759498075943e-01
9.779823859087269922e-01,2.875346761019737518e-01,4.135253759498075943e-01
9.787830264211370146e-01,2.787142378396367248e-01,4.135253759498075943e-01
9.795836669335469260e-01,2.700604867297994316e-01,4.135253759498075943e-01
9.803843074459568374e-01,2.615747994594449510e-01,4.135253759498075943e-01
9.811849479583667488e-01,2.532583188860111911e-01,4.135253759498075943e-01
9.819855884707766602e-01,2.451119596537379153e-01,4.135253759498075943e-01
9.827862289831865716e-01,2.371364140642603369e-01,4.135253759498075943e-01
9.835868694955964830e-01,2.293321581800783215e-01,4.135253759498075943e-01
9.843875100080065055e-01,2.216994581395096420e-01,4.135253759498075943e-01
9.851881505204164169e-01,2.142383766619633256e-01,4.135253759498075943e-01
9.859887910328263283e-01,2.069487797224701942e-01,4.135253759498075943e-01
9.867894315452362397e-01,1.998303433747340152e-01,4.135253759498075943e-01
9.875900720576461511e-01,1.928825607022034150e-01,4.135253759498075943e-01
9.883907125700560625e-01,1.861047488770923297e-01,4.135253759498075943e-01
9.891913530824660850e-01,1.794960563076090643e-01,4.135253759498075943e-01
9.899919935948759964e-01,1.730554698540990588e-01,4.135253759498075943e-01
9.907926341072859078e-01,1.667818220953854458e-01,4.135253759498075943e-01
9.915932746196958192e-01,1.606737986270407870e-01,4.135253759498075943e-01
9.923939151321057306e-01,1.547299453738792685e-01,4.135253759498075943e-01
9.931945556445156420e-01,1.489486758996634574e-01,4.135253759498075943e-01
9.939951961569255534e-01,1.433282786975001999e-01,4.135253759498075943e-01
9.947958366693355758e-01,1.378669244451826981e-01,4.135253759498075943e-01
9.955964771817454873e-01,1.325626732103755423e-01,4.135253759498075943e-01
9.963971176941553987e-01,1.274134815911816543e-01,4.135253759498075943e-01
9.971977582065653101e-01,1.224172097784537311e-01,4.135253759498075943e-01
9.979983987189752215e-01,1.175716285268405270e-01,4.135253759498075943e-01
9.987990392313851329e-01,1.128744260223695506e-01,4.135253759498075943e-01
9.995996797437950443e-01,1.083232146350823627e-01,4.135253759498075943e-01
